"","Mean of log A","Mean of log B","Mean of log C","Mean of log D","Sds","qvalue BvsA","qvalue CvsA","qvalue DvsA"
"A0JPQ4",-0.0584640145151373,0.279343355712768,0.0611012801504302,-0.0284327133929146,0.194093760369896,0.231708749531868,0.968338925911827,0.571462185649499
"A1A5Q0",-0.093396819830051,0.087823863248159,0.006466789316186,0.202675198944195,0.248420964875485,0.465407741347984,0.977167816460095,0.23625571228159
"A2RRU1",0.10921105588851,-0.0982947340169602,-0.0535184054187076,-0.0310827191800798,0.149335955875028,0.380155988210441,0.968338925911827,0.362299222928773
"A2VD12",0.0335587192494114,-0.0336973070412727,-0.0388116932067597,0.112019142174564,0.16396253659079,0.574642153463539,0.97907999674198,0.495245604029806
"A7VJC2",0.0178665323404056,-0.124852989930717,0.0794868140283187,0.0824551900391646,0.225770098286807,0.491197276125284,0.97907999674198,0.528716241092433
"B0BNE5",0.0751801527670327,-0.186399111470377,0.145681342241459,-0.0666271333304151,0.167185649880317,0.286077056763064,0.977167816460095,0.330996405002072
"B0BNN3",0.148411678732406,-0.479427036679414,0.49581696856496,-0.243324027705082,0.459214924062035,0.331761455946434,0.968338925911827,0.330996405002072
"B0K020",-0.0268400716585397,0.0800173889753115,0.0396637441879417,0.492365497458791,0.431991405126776,0.598953100989177,0.986903499063367,0.232854558428756
"B0LPN4",0.104186987471601,0.0395166294731077,0.0460622170301731,-0.00306445490657767,0.135864246318709,0.528900481504943,0.977167816460095,0.349591651667807
"B1PRL5",-0.0533688060896668,0.0264858870685595,-0.07126285672908,-0.0100081266175088,0.129681779569138,0.491197276125284,0.991288661241918,0.511929289345117
"B2GV06",-0.258845300460936,-0.114267866544982,0.117142318532443,0.171172873197972,0.202828696641635,0.470670482766689,0.842425843791675,0.0903361069815639
"B2GV54",-0.213190763592191,0.0702377241174018,0.0263035645128417,0.294646904659281,0.318350656603244,0.470670482766689,0.968338925911827,0.219528278184502
"B2RYW9",0.0880044884935739,-0.0594176159608398,-0.107489308582165,-0.0790673567223461,0.139068141005304,0.385491475114705,0.964582215008531,0.232854558428756
"B2RZ37",-0.158799439881556,0.0396354151905009,-0.168414995425061,-0.040795593817101,0.250847448795153,0.442373734730627,0.997515780258928,0.469882840047095
"B4F7A1",-0.147155915588493,0.0904013850092671,-0.173927074718814,0.148581025412328,0.307188670960769,0.491197276125284,0.997515780258928,0.353123228060958
"D3Z9R8",-0.0689838726425953,0.15492750056114,-0.0287460957618842,0.196187560687582,0.17931509826039,0.348490178173767,0.97907999674198,0.172008671710078
"D3ZAF6",-0.523873516692442,0.0354692185789597,-0.568535490036078,0.186920885761678,0.424364760996026,0.334143080504392,0.997515780258928,0.135888041653732
"O08557",0.142185770704641,0.00198480797078145,0.31285626176405,-0.225535824754232,0.213568073282746,0.515756925576719,0.968338925911827,0.204750993509785
"O08730",0.206100247087657,0.0572494223128282,-0.0364163847846283,-0.0978409620359757,0.133414729385133,0.373239504564445,0.842425843791675,0.0775841283348681
"O35077",-0.20351931450112,-0.0157575549862678,-0.14841214161814,0.316156597210019,0.332038165969543,0.50295611709241,0.981946303808589,0.157678050009307
"O35094",-0.133165860548899,0.111350360500223,-0.0973109254608017,-0.145154544901747,0.297982263109474,0.43913100398949,0.993447009228767,0.607766865378418
"O35115",0.00985602089850286,-0.107411919170298,0.123029499938525,-0.321736658932138,0.26734700802288,0.543824824173679,0.977167816460095,0.222866448695472
"O35244",-0.041480821053396,0.102604857395794,0.0696448574356016,-0.0279683096885686,0.171405219559239,0.43800132870855,0.968338925911827,0.597488448600923
"O35264",0.0371278863865598,-0.0409477353006209,0.0701498740816748,-0.0570900322648837,0.162568394342546,0.55956699937913,0.981946303808589,0.470670198860173
"O35303",-0.3579283896162,0.0560232154485946,-0.0198671139800295,0.290499315041856,0.382677373249378,0.431934933122575,0.968338925911827,0.207504018480541
"O35413",-0.144779525575824,0.10215492332072,-0.169967169078821,0.110938912407411,0.256440482670579,0.412717579817069,0.997515780258928,0.290163973140855
"O35567",0.00117533000759082,-0.0373360869650073,-0.00125789686374077,0.0540796982140028,0.125259012932442,0.584084163814706,0.997515780258928,0.488364212532535
"O35763",4.99046300646659e-05,-0.03696129051811,-0.0940311609048468,-0.208830789734984,0.234044045101856,0.603797425254227,0.977167816460095,0.319564798821807
"O35854",0.13215891119369,-0.344257671585134,0.1430429174591,0.0729037616108256,0.15362425378293,0.0458007226088369,0.997515780258928,0.495245604029806
"O35878",-0.316235429545496,-0.0330440398304447,0.0702523446552643,0.182836660196641,0.293310786660358,0.412717579817069,0.968338925911827,0.133190123486125
"O35987",0.585962210474773,-0.202766386428507,-0.381204441088125,0.209875002054447,0.356901870301631,0.244535661251982,0.842425843791675,0.335222058481737
"O55171",-0.702598731017552,0.620003669493334,-0.619278901178445,0.956078893202644,0.361101275506804,0.0270684870806848,0.97907999674198,0.0102251601027621
"O70351",-0.16931971678353,0.472350828112864,0.044902169368997,0.571024583905128,0.440728268880905,0.317311845820286,0.977167816460095,0.135888041653732
"O88600",0.148332109974765,-0.0386719029610256,-0.0215022427781558,-0.141003149965111,0.147406850664548,0.344123089059455,0.968338925911827,0.107694822654271
"O88761",-0.118052272883973,0.0515695557064095,-0.0560421283283102,0.0586933775947052,0.176758853917762,0.452273586923539,0.97907999674198,0.348469925767852
"O88767",0.12264455520386,0.107423953811226,-0.133462655337122,0.0961273957567149,0.167313823314453,0.613791529040404,0.887091995485099,0.571462185649499
"O88989",0.129459940105901,-0.0074051998576334,-0.0062353404206525,0.060250610319428,0.170863997810488,0.442373734730627,0.968338925911827,0.492519434612227
"O89049",-0.722480272008595,0.307335985573696,-0.712090786619745,1.03758333848944,0.436150842301886,0.218637688289448,0.997515780258928,0.0502526909037085
"P00388",0.13684018566208,0.0509670296701898,-0.460389935691536,0.199823874975901,0.207284412559566,0.574599841953287,0.842425843791675,0.5419434858445
"P00406",-0.23188511637604,0.175063121642101,0.100336750405417,0.152949770585778,0.252325713192846,0.273529248393806,0.968338925911827,0.165406367786808
"P00507",-0.175789450962338,0.0436787148244767,-0.0763228862760414,0.277074113648643,0.191406432782403,0.359728951142889,0.975230280804772,0.0753230075868248
"P00564",0.139539905029137,0.0518621031311107,-0.00382424284805374,0.329799100527607,0.292325695888516,0.58654143448667,0.977167816460095,0.394149583315423
"P01026",0.286855124312497,-0.905659636772354,0.904453837651664,-0.525401675866726,0.378577304746793,0.043133991257971,0.887091995485099,0.0889240901555299
"P01048",-0.196321560690724,-0.907738159524693,0.942314777804563,0.095701915430845,0.573257552767294,0.412717579817069,0.887091995485099,0.492519434612227
"P01835",0.107547030671863,-0.105535777744563,-0.411262235397326,0.0809839074940406,0.650356550002756,0.574642153463539,0.968338925911827,0.607766865378418
"P01836",1.09887219400446,-2.26251924841685,2.51424386599533,-1.8743392202988,0.712102175656186,0.0422538995062641,0.887091995485099,0.0470874248717287
"P01946",0.365717934844168,-0.520271389997687,0.646528931721236,-0.233152504805263,0.375750836692918,0.118806516910103,0.968338925911827,0.152203243106971
"P02091",0.126635266790525,-0.783130964193634,0.378471329088835,0.0961746787858793,0.646512692122563,0.331761455946434,0.978399290082421,0.607766865378418
"P02262",0.634403718021837,-0.448038363602176,-0.272262963222741,1.00443083680812,0.702763329733184,0.349827722510423,0.968338925911827,0.488364212532535
"P02401",-0.281624336528224,0.0288396853602522,0.0462908474194898,0.255919492168691,0.2539476696903,0.349827722510423,0.968338925911827,0.0903361069815639
"P02454",0.338437850110333,-0.127109642542227,0.317063545756531,-0.146092674955367,0.477509960579939,0.412717579817069,0.997515780258928,0.288161205164568
"P02466",0.258474199591911,-0.235020818855064,0.116504230587563,-0.221667369457352,0.369150620561251,0.331761455946434,0.97907999674198,0.21064757479018
"P02563",0.132719981681194,-0.0248204276788611,-0.0878013057244724,0.54111733746741,0.42278581276951,0.563994368805788,0.975230280804772,0.297040687654552
"P02564",-0.100804546601967,0.108186820048143,0.189118066051976,0.0358152974969404,0.336362182162557,0.491197276125284,0.968338925911827,0.492519434612227
"P02650",0.36889227499973,-0.367270756850313,0.374235695622758,-0.391011537410524,0.327345478148039,0.127370962515421,0.997515780258928,0.0754091523847813
"P02651",0.255186954635096,-0.405104504421217,0.20461829078882,-0.185498799409034,0.326166014042431,0.286077056763064,0.993447009228767,0.267948028316209
"P02680",0.185371803937773,-0.250007827828139,0.940666741620006,-0.304829007822909,0.424626457823757,0.402215913007644,0.842425843791675,0.247057721853804
"P02767",0.21946946515209,-0.197931319671492,0.217329379646477,-0.4285680772171,0.364320077093446,0.359728951142889,0.997515780258928,0.124876887596582
"P02770",0.000191143156476337,-0.000878365378119771,0.263458048045439,0.0748346585043917,0.392141463543597,0.641257100634873,0.968338925911827,0.561400697054695
"P03889",0.116974239659235,0.141631988768692,-0.065295424525486,-0.248871452360249,0.157618145323989,0.612203417395923,0.968338925911827,0.124876887596582
"P04041",-0.0302514207256867,0.0359734503702309,0.117539255864321,-0.00943546138226513,0.196811358695186,0.574599841953287,0.968338925911827,0.587395079823944
"P04166",-0.278958696084008,0.087597690843841,0.0180034630007883,0.207537633622145,0.29902589128118,0.412717579817069,0.968338925911827,0.213943565260922
"P04276",0.0495045786164653,-0.231690340413403,0.55414866755197,-0.195432754509728,0.343025947928648,0.43913100398949,0.900387129373521,0.375995277222097
"P04636",-0.031664557294547,0.103765546309941,-0.0906720367115478,0.313913018097708,0.23110685771096,0.497572208230875,0.97907999674198,0.168789224835874
"P04639",0.175933073527425,0.120854541168473,0.116582331044807,-0.277718278768767,0.350258523267615,0.603797425254227,0.981946303808589,0.211136092247799
"P04642",-0.023804042095575,0.0587555256595214,-0.0175471197508901,-0.203314769174252,0.156394109108152,0.515756925576719,0.997515780258928,0.248115188974649
"P04692",0.282950965401221,0.215917452275351,0.068058775151039,0.327266096556781,0.353289010895611,0.602766008849496,0.968338925911827,0.580595648931608
"P04762",-0.639400992456407,0.385561840080833,-0.300239578588207,0.26432707941632,0.279412479396124,0.0270684870806848,0.968338925911827,0.0318114193627725
"P04764",-0.142833012945679,0.111151434450478,-0.141138200842884,0.483554927155849,0.309962317546049,0.43913100398949,0.997515780258928,0.0965630514555195
"P04785",0.0510228926937817,0.170830318433949,-0.283337340990788,0.011082471384603,0.268378424486428,0.542161057475357,0.968338925911827,0.571462185649499
"P04797",0.0887170206798613,0.0380900989951458,-0.0412153436919959,0.289037765749511,0.235799409745393,0.602766008849496,0.975230280804772,0.330996405002072
"P04897",0.111537785425383,0.137661690713627,0.0572437365493382,-0.255290341493611,0.1689877253364,0.612203417395923,0.97907999674198,0.136583522637324
"P04904",-1.08428905922184,0.2516386306613,-0.932318316847417,0.679075591712409,0.592779039651079,0.127370962515421,0.97907999674198,0.0470874248717287
"P04906",-0.101185861257556,0.0301359594908731,0.00516874606116707,0.137376012969574,0.218456878172386,0.494415885571638,0.977167816460095,0.262974652683722
"P04937",0.466133575784643,-0.536110937720518,0.586407141895164,-0.387667302458528,0.260960786880904,0.0270684870806848,0.977167816460095,0.0312732927779803
"P05065",-0.0396965456633879,0.185354049872924,0.0181741705326934,0.216211276931593,0.199968335062132,0.368347124649242,0.97907999674198,0.213151737452623
"P05197",-0.0872743099565655,0.150521442153472,-0.0488437445121135,-0.023994154708463,0.174703466313642,0.331761455946434,0.97907999674198,0.503507951804641
"P05503",-0.379946460259175,0.255802660506348,0.117131738425085,-0.0132019802997717,0.147337520238184,0.0482738905511965,0.842425843791675,0.113001895410554
"P05508",0.246849014422569,0.0819864084940413,0.0856564758258207,-0.308063297464195,0.242680812740956,0.477712797675313,0.968338925911827,0.0775841283348681
"P05544",0.396724234619899,-0.29196426276507,0.394900916553224,-0.488439194639141,0.271313388979842,0.0903593981135288,0.997515780258928,0.0312732927779803
"P05545",0.212496810914514,-0.266109926878252,0.371339800208419,-0.481097713083647,0.270758523117337,0.22361241769544,0.972942670624133,0.0656771865773397
"P05708",0.0712753369346463,-0.0194665965738031,-0.269710853252398,0.0736268637859693,0.183832648105783,0.52253157411819,0.842425843791675,0.612430500912734
"P05765",-0.114731275522914,0.0915811073365358,0.0726764858541462,-0.0685548722603846,0.150849921021485,0.383423975808567,0.968338925911827,0.5419434858445
"P05964",0.0332937038165775,-0.114485966244566,0.0403980436540295,-0.0106787436593289,0.236033233301102,0.521337277398492,0.997515780258928,0.571462185649499
"P06399",0.020849864785957,-0.380435646667656,0.864595192845171,-0.282923779377444,0.439439750360974,0.413964680032109,0.842425843791675,0.385264292082402
"P06685",0.0817475658378645,-0.000449221451583932,-0.0461631901374201,0.026987656125326,0.156133603830328,0.515756925576719,0.968338925911827,0.506068790607951
"P06761",-0.16554277515129,0.105938158050348,0.0227448556334085,0.11196932274482,0.274512924138827,0.412335746873138,0.968338925911827,0.288161205164568
"P06866",0.252500902408787,-0.557357199472937,0.84588307336373,-0.477309428203495,0.403748765784981,0.158024326052613,0.900387129373521,0.124579341608645
"P07150",0.182066970645267,-0.164026377660558,0.0205057424968387,-0.058783192542641,0.372775853087827,0.412717579817069,0.977167816460095,0.394776075981976
"P07335",0.114170328589556,-0.262333925724104,-0.0717500608388737,-0.158136024052606,0.237165358291765,0.279491542967821,0.968338925911827,0.248115188974649
"P07340",0.291749292444974,-0.00299918104841012,0.12406457548334,-0.266807900534878,0.203101550010165,0.317683159416406,0.968338925911827,0.0556636309122482
"P07483",-0.241687641022908,0.227081789877111,-0.0830446905817952,0.711126243661468,0.398183244460627,0.359460179937206,0.977167816460095,0.0753230075868248
"P07632",0.169931030045068,0.12085601485047,-0.0133925329709955,-0.265462893037314,0.165098434346649,0.58654143448667,0.968338925911827,0.0594630385351165
"P07633",-0.0623282818509491,-0.12707287560686,-0.0775505202810161,0.055828452767752,0.232498844448316,0.590786662104722,0.997515780258928,0.452593951660581
"P07871",-0.350893731945357,0.413903219249422,-0.129441638743828,0.226437725190671,0.256887394321041,0.127558601970768,0.968338925911827,0.132173648979343
"P07872",-0.911924274804368,0.127557499451368,-0.0935209791414269,1.00203978397419,0.410003948086629,0.0903593981135288,0.842425843791675,0.0102251601027621
"P07895",-0.0109024471636147,0.00963190731061277,-0.28557351609473,0.115702111131183,0.202530487640795,0.613791529040404,0.968338925911827,0.40008153816201
"P07943",-0.0660780069215224,-0.0307219453807491,-0.152414937241644,0.0216991190746215,0.187427669365399,0.602766008849496,0.977167816460095,0.469882840047095
"P08010",0.784427286366088,-0.539811768314249,0.163306572174429,-0.269081191855136,0.252288474033098,0.00826861515061347,0.842425843791675,0.0126076393149445
"P08050",-0.217681738950132,0.379652304704483,-0.101072355573021,0.0889935145544797,0.187996415741508,0.043133991257971,0.968338925911827,0.143900286946966
"P08461",-0.0688618900192092,0.122747329961771,-0.210313765008959,-0.0642013883920168,0.147436437950089,0.340834682335586,0.968338925911827,0.607766865378418
"P08503",-0.221547981779458,0.175594997896988,-0.211693489819959,0.265272878254874,0.161262480735397,0.10197726294118,0.997515780258928,0.0448463835031345
"P08649",0.109653648571726,-0.425221271337655,0.506850447473457,-0.339626047882288,0.349003744300515,0.301597274773486,0.968338925911827,0.212639584715855
"P08733",0.0936846238540897,0.0948631356254214,-0.109876532992339,0.353562905782887,0.336189305999316,0.641257100634873,0.968338925911827,0.351552231878403
"P09006",0.101034758492712,-0.00311793968488083,0.318273303787917,-0.027923880428238,0.297927332947652,0.569052208791085,0.968338925911827,0.485502220613012
"P09456",-0.154200875326111,0.0737080628929973,0.100919588853481,-0.016779465601095,0.213529864253765,0.384136185108608,0.968338925911827,0.395327745059254
"P09605",-0.088752483554857,-0.29456783518691,-0.0324411741661773,0.49824929831072,0.275399574330538,0.45512920319878,0.97907999674198,0.0899633508391092
"P09650",0.028062630676775,-0.302681731368783,0.206403990318606,0.0477082124661312,0.4733865471479,0.504430720415621,0.97907999674198,0.607766865378418
"P09812",0.0185742493229636,0.0465443916668965,-0.0220817715599828,-0.183775822729634,0.135161201281792,0.602766008849496,0.97907999674198,0.168789224835874
"P0C1X8",0.105509645793216,0.038171558482342,-0.0097670801142856,-0.0507117170250949,0.185113832907185,0.58654143448667,0.977167816460095,0.38930155513072
"P0C219",-0.150796048719091,0.197338826400692,-0.0256546924309108,0.0335650833353994,0.183545934412493,0.187421345522912,0.968338925911827,0.288615478058977
"P0C2X9",-0.0825413643586166,0.127253922752496,-0.0452295836441883,0.0510044784353929,0.205526092072204,0.402437834831472,0.981946303808589,0.394149583315423
"P0C546",0.024953004959174,0.250155857343362,-0.0666278763347483,-0.061493397601641,0.151874166752803,0.359728951142889,0.977167816460095,0.473895504524072
"P0CG51",-0.152130487576008,0.0675699917921923,0.107766278972929,0.176474997856093,0.247773536040973,0.470670482766689,0.968338925911827,0.275527802631108
"P10111",-0.137336176780482,0.0551978582081807,0.0712242684530453,-0.0205848527665473,0.21772976652669,0.421606286760757,0.968338925911827,0.44094701615915
"P10536",-0.104995836881405,0.0298471250056705,-0.0115908901012179,0.107079320450667,0.296881303631798,0.538332093204218,0.97907999674198,0.375995277222097
"P10719",-0.272573649534704,-0.000103873765087058,-0.289330562543523,0.164941666675455,0.193966183909094,0.331761455946434,0.997515780258928,0.0775841283348681
"P10760",0.116401114768642,0.171907877340486,-0.10647121441954,-0.125792484978763,0.175860647630794,0.596608352380973,0.968338925911827,0.263002581009802
"P10860",-0.172049417329365,0.273264151807319,0.0103717309462923,0.23172941302428,0.198462965300664,0.127370962515421,0.968338925911827,0.0954171063230843
"P10888",-0.230363466707851,-0.0867200581601461,-0.250961343655952,0.166753328249341,0.165074986139341,0.427866474017741,0.993447009228767,0.0747215470808157
"P10959",0.403979242083335,-0.893409342066879,0.61363059060895,-0.08315713825892,0.212898966865016,0.0270684870806848,0.968338925911827,0.128192980370092
"P11030",-0.356669953802534,0.240831846291031,-0.258754160100222,0.773205340213585,0.474026663727266,0.344123089059455,0.97907999674198,0.0753230075868248
"P11232",-0.306842657668086,0.284786892428115,-0.152348392363962,0.243840311989369,0.231416033388085,0.0903593981135288,0.968338925911827,0.0753230075868248
"P11240",-0.629784527948218,-0.159052156542197,-0.277453685984386,0.516321136961638,0.322648196943024,0.317311845820286,0.968338925911827,0.0222848770547006
"P11250",-0.0237318609891983,-0.0206351063350345,-0.0166565350148209,0.0526325928511012,0.199293119420042,0.641257100634873,0.997515780258928,0.495248821244312
"P11442",-0.206597176996378,0.0449261195822753,-0.0851583554090942,0.174338308638038,0.290693154859871,0.429871920373786,0.977167816460095,0.210090754328962
"P11507",0.136305546230623,0.104225224065688,0.103347047659093,0.053899067408419,0.157384058666025,0.602766008849496,0.97907999674198,0.445870350569511
"P11517",0.307836040368093,-0.82901660702708,0.645191968274574,-0.0516347580177317,0.531443696264814,0.134178012651854,0.968338925911827,0.38930155513072
"P11598",0.0199792823314415,-0.0599968900577313,-0.04362173021339,0.0842687507669646,0.331528006137304,0.600759187026509,0.980134370544289,0.561400697054695
"P11608",-0.502763679708773,0.227640257594383,0.0490564795396749,0.273329661797073,0.452782401066848,0.344123089059455,0.968338925911827,0.206161406413856
"P11661",0.0305336881194652,-0.103264872173027,-0.0705436939555602,0.00812075605941263,0.231420969335181,0.501112922222018,0.977167816460095,0.591799176651886
"P11762",0.0719387509772378,-0.094400049447385,0.194943680332176,-0.323165309406257,0.2405473898979,0.473814596446319,0.975230280804772,0.142161797779217
"P11884",-0.0846835359014457,-0.00460943549555166,-0.00990795046002123,0.178274413909138,0.243143847036823,0.574642153463539,0.97907999674198,0.264407563661146
"P11915",-0.680719770747093,-0.0489027155104638,0.0888114143694927,0.68363538403994,0.184422997083634,0.0378394924545219,0.18342970839999,0.000608906691550741
"P11951",-0.258127422872055,0.114737083831613,-0.0130289415419213,-0.0506396898755011,0.270525485916574,0.331761455946434,0.968338925911827,0.353123228060958
"P11960",0.0790374293733807,-0.11463773629982,-0.000422246175056644,0.0742474960896947,0.15109197719621,0.340834682335586,0.975230280804772,0.607766865378418
"P11980",0.0441667256099245,0.00267997935156504,-0.11605020778263,0.106181855197952,0.158981951903159,0.594648495484618,0.968338925911827,0.494664993103968
"P12001",-0.0136169563413658,0.126344365370128,-0.0301989282182919,0.237337436001935,0.235214753257391,0.495563673980068,0.997515780258928,0.267948028316209
"P12007",0.123280889034844,-0.17546865068805,0.0383612132228901,-0.0484435268238603,0.140057602984615,0.134178012651854,0.968338925911827,0.226382704607891
"P12075",-0.248920563660462,0.0869506646136158,0.0723517349293147,0.362978639638814,0.197826347702287,0.244535661251982,0.887091995485099,0.0396944525787956
"P12346",0.246635760706887,-0.357088808174981,0.544500842939541,-0.312779310841489,0.376029816750923,0.274514607953362,0.968338925911827,0.16974027781663
"P12368",0.330850229941927,0.0184238686364661,-0.1462102739847,-0.332172886238468,0.196322308821986,0.348490178173767,0.842425843791675,0.0716350539170629
"P12749",0.273646240352939,0.217096028378472,-0.263181058589207,-0.290816916020002,0.209568983972146,0.602766008849496,0.842425843791675,0.0962292685444191
"P12847",-0.392556744849901,-0.0906551001062384,-0.414580479830823,0.516583083384624,0.725680888298029,0.545302078748907,0.997515780258928,0.219528278184502
"P13086",-0.136855046027399,-0.0834529949133362,-0.190366473187962,0.32660538418191,0.271518902880487,0.602766008849496,0.97907999674198,0.133190123486125
"P13221",-0.128663103663448,0.0154560459521526,0.0808035601580953,0.280323994354343,0.278203700417747,0.518028869424748,0.968338925911827,0.173066798889943
"P13437",-0.485375777077222,0.554957506304295,-0.350717512630513,0.796942063056018,0.364763963690993,0.0594517464540517,0.97907999674198,0.0222848770547006
"P13635",0.120611558736757,-0.399248253993405,0.551846853986343,-0.280157120741704,0.353888288534668,0.317311845820286,0.968338925911827,0.250925227235354
"P13697",-0.420947860007838,0.328096210705741,-0.249515515314902,0.395995200903629,0.261476348822074,0.134178012651854,0.975230280804772,0.0763313100310529
"P13803",-0.179300320365004,0.0885801126638433,-0.120752196237789,0.22602052468241,0.157909662849817,0.244535661251982,0.97907999674198,0.0656771865773397
"P14046",0.5150662723252,-0.566683439216308,0.600688141701538,-0.464500468918537,0.570562686078773,0.187421345522912,0.986903499063367,0.132173648979343
"P14408",-0.0412168001702244,0.103533406542873,0.0291723355168205,0.22653532791195,0.172516490549391,0.43800132870855,0.977167816460095,0.159799459773045
"P14480",0.0708244360212675,-0.267367608352348,0.972128552107097,-0.278779902762028,0.445433875732444,0.4537852697838,0.842425843791675,0.349591651667807
"P14604",-0.203995961956315,0.0770241614566922,-0.000496054845815679,0.169561258555445,0.17985131594773,0.286077056763064,0.968338925911827,0.091704932701426
"P14668",0.00377552092379767,0.0881090308406821,0.0490993368135781,0.128911194699243,0.201074596486083,0.544127860712454,0.97907999674198,0.40008153816201
"P14669",0.145717246005706,0.152068495332342,0.0344377826287467,0.00762187711146161,0.212224249400924,0.638824011497466,0.975230280804772,0.394149583315423
"P14882",0.153803084889014,0.000609603683157391,0.117581101453178,0.061025553208566,0.187199075980101,0.43913100398949,0.980134370544289,0.458598058476372
"P14942",0.0686218812880996,-0.22308631674089,0.145313153941945,0.0652137600119079,0.164786898587808,0.22361241769544,0.977167816460095,0.611796147916137
"P15429",0.27723157275634,-0.227704685418878,0.260944123093672,-0.274218286901399,0.226630712346056,0.127558601970768,0.997515780258928,0.0739385628578512
"P15650",-0.129653337360056,0.183109609834567,-0.117389104111856,0.514361686547646,0.309329126715063,0.407072054861159,0.997515780258928,0.091704932701426
"P15651",-0.126818800447864,-0.0914808013598537,0.0118041281937655,0.164083262157567,0.193164984038119,0.603797425254227,0.968338925911827,0.166807927606172
"P15800",-0.177561027860023,0.148738747712995,-0.210108527936658,0.183756891828518,0.242033524051439,0.331761455946434,0.991288661241918,0.168795201852884
"P15865",0.0584631071533201,-0.200519690893968,-0.0595042029043063,0.0366866006306659,0.200127480403774,0.340834682335586,0.972942670624133,0.58685104307834
"P15999",-0.284009436410651,0.0189979234202817,-0.305369161002547,0.431156505591381,0.306229924612141,0.412335746873138,0.997515780258928,0.0753230075868248
"P16036",0.140056408868683,0.25458053868939,-0.200945045222845,0.142370913108836,0.189487292012958,0.493633176403967,0.842425843791675,0.612430500912734
"P16086",0.120691278727492,0.162952046741529,0.0043645963735936,-0.0643586526885724,0.163308214045105,0.594648495484618,0.968338925911827,0.250925227235354
"P16290",0.113093424386063,0.0353900753167018,-0.225263880315919,0.291417743112408,0.266535468943692,0.58654143448667,0.968338925911827,0.390715969698167
"P16303",0.432131425363026,-0.28692652952298,0.387881126536269,-0.586232756131293,0.341498463414372,0.273529248393806,0.997515780258928,0.0797532300104246
"P16409",-0.0678171670888743,0.0332040320401241,0.104452975854735,0.345233842007228,0.197586313147616,0.520238033923491,0.968338925911827,0.091704932701426
"P16617",0.117373918089261,-0.0196847776088709,-0.0720416916383038,-0.0296111150417086,0.151999055079924,0.419371199691329,0.968338925911827,0.297040687654552
"P17074",-0.0477332948440103,0.100627220907379,0.036633611466003,-0.0467360340394699,0.153176811403933,0.412717579817069,0.975230280804772,0.614097051114549
"P17475",-0.0319841170926873,-0.291197551300666,0.455791287664058,-0.0256526089779825,0.32581368994187,0.442373734730627,0.898674516892433,0.611796147916137
"P17702",-0.0398769916099723,-0.016064533940489,-0.00640469667281339,0.0130519535860498,0.13181268438529,0.603797425254227,0.97907999674198,0.492519434612227
"P17764",0.0916569621717584,0.136670662191782,0.0322409606788496,0.132242308350692,0.211723022609402,0.602766008849496,0.97907999674198,0.561400697054695
"P18163",-0.315173257156917,0.284548472481365,-0.244857585997375,0.368674512344916,0.190286002460487,0.043133991257971,0.97907999674198,0.0222848770547006
"P18266",-0.719305426791133,0.303072613125903,0.0835948065514056,0.303042328971529,0.337269359976291,0.127370962515421,0.842425843791675,0.0775841283348681
"P18292",0.010788248597992,0.139680596678921,0.100681015973054,-0.438127034606603,0.291772559723367,0.569052208791085,0.97907999674198,0.23173861331469
"P18418",0.0758345686044068,0.0343789836567819,0.152212729056841,-0.169053541791608,0.177735003879348,0.602389740751263,0.977167816460095,0.197443533008567
"P18420",-0.0600950569380459,-0.0144672451670467,0.0171437342691703,-0.0889696801668765,0.128996334718586,0.569052208791085,0.969207681297504,0.554144827177064
"P18421",-0.047888552529568,0.0617552197782214,0.0213356850190183,-0.100009962951359,0.142775731126501,0.491197276125284,0.978399290082421,0.5273617244775
"P18422",0.0343736896990618,-0.0475821111235124,-0.00504762058077235,0.0518333600280727,0.155502740477215,0.543824824173679,0.97907999674198,0.591799176651886
"P18886",-0.565447267594612,0.526596349357957,-0.362265292042285,0.430162098893208,0.155873506541474,0.00108381830475604,0.968338925911827,0.00128146643217242
"P19234",-0.0193418627519742,0.112752416556931,0.0852285460369167,-0.144656696180952,0.184880033857692,0.470670482766689,0.975230280804772,0.38930155513072
"P19511",-0.214558325458747,0.114613557344567,-0.201909590368514,0.548189952878969,0.361136895632295,0.413964680032109,0.997515780258928,0.090338217728163
"P19804",0.108304304808403,0.0014857684657128,0.0227031558850937,-0.184547155908182,0.154713132771993,0.473814596446319,0.975230280804772,0.113001895410554
"P19945",-0.13073166520646,-0.133180016962118,-0.0605583932519887,-0.04160886834178,0.290944839679335,0.641257100634873,0.97907999674198,0.520425779388342
"P20059",-0.00551844479438578,-0.298462071557956,0.529294323744344,-0.20769889980732,0.370237558186824,0.442373734730627,0.918839802578879,0.436752322363961
"P20070",-0.0358610879991024,-0.141646790285745,0.0945566151384191,0.0151781952588392,0.149560864508982,0.50295611709241,0.968338925911827,0.532477567730169
"P20280",0.0947202202456556,-0.032897330463596,0.0482963748423029,-0.0799184725946376,0.159821230016949,0.4905775543219,0.97907999674198,0.326950834159947
"P20759",0.101147643140758,-0.522659300369462,1.06999248353912,-0.776831102378221,0.395300384903777,0.348490178173767,0.842425843791675,0.133190123486125
"P20760",-0.252719348671858,0.00917434116927367,0.474544888220331,-0.520945533294435,0.402850608806799,0.487539830717105,0.842425843791675,0.390715969698167
"P20761",0.351049112081868,-0.112189798852728,0.0896426101463485,-0.269883222872762,0.395478155853711,0.412717579817069,0.975230280804772,0.224954706493813
"P20767",-0.302676328350981,-0.244726525695835,1.08096947154055,-0.557247289699767,0.330856699109194,0.612126198152605,0.842425843791675,0.401289495694949
"P20788",-0.143940806293258,0.00437468075930723,-0.13490738492637,0.0854062704326003,0.13915893137584,0.384136185108608,0.997515780258928,0.141319100374065
"P21396",-0.432707719302388,0.492490918246559,-0.51988238583189,0.593911299403538,0.434544689383057,0.134178012651854,0.97907999674198,0.0753230075868248
"P21533",-0.025115627641155,0.189751845565351,0.08309168017299,0.0619811865159959,0.231991758516682,0.412717579817069,0.977167816460095,0.4985283867496
"P21670",0.04601237719887,-0.0324036890883276,-0.00667006296897323,0.0483431320241338,0.209231687951813,0.563728065626445,0.97907999674198,0.612430500912734
"P21807",0.358477711396114,-0.557510222419626,0.107670638784385,-0.0323840217208671,0.376332592283616,0.20101048944136,0.975230280804772,0.339970773500316
"P21913",0.104973235736739,0.000601768400491335,0.0909524044901231,-0.0546758934935349,0.15803013481608,0.486034358392322,0.997515780258928,0.288161205164568
"P22062",0.28326589884955,0.00367864811015314,-0.0884421853825021,0.170922740964837,0.187755715310294,0.317311845820286,0.842425843791675,0.409159780909241
"P23514",-0.07855938073529,-0.0405988668198543,0.0090627729369399,0.15672497333364,0.356595805604123,0.613791529040404,0.97907999674198,0.443292774864752
"P23562",0.245509354479846,-0.629024227353695,0.476842893845161,-0.176300050535785,0.428914043155787,0.156449788846676,0.975230280804772,0.293545236556807
"P23693",0.0185185973838917,-0.0215147670060624,-0.111900607132577,0.334700033388536,0.353303411674181,0.613073822582247,0.97907999674198,0.319181219832578
"P23764",0.671478489606135,-0.434552186763678,0.348911157447349,-0.262156500014363,0.480991552183412,0.126723498921271,0.968338925911827,0.109101537096025
"P23928",-0.341939222776495,-0.0499624550569423,-0.408880969153761,0.320046869971445,0.461628195340856,0.491197276125284,0.98783613199959,0.181272510983237
"P23965",-0.371535984614108,0.050350636626635,-0.217282001837407,0.245958115592225,0.182657473515147,0.126527927151301,0.968338925911827,0.0280413844929474
"P24049",-0.171008404362073,0.0757504340778494,0.0100219969933149,0.0730839611304908,0.246274018219667,0.411262493195865,0.968338925911827,0.291509093344774
"P24090",0.318074888961627,-0.279884410809649,0.267439614612166,-0.425071967455676,0.329054375401695,0.213264152740355,0.986903499063367,0.0775841283348681
"P24268",-0.187334081650536,0.0623936110844113,-0.0603293971794497,0.0961417969206417,0.217000451202555,0.359728951142889,0.972942670624133,0.210090754328962
"P24329",0.0725133022805312,0.0127623523386014,-0.0256193461081734,-0.00980839050609066,0.206859837854624,0.587186960655141,0.977167816460095,0.493142789765351
"P24368",-0.132834366748243,0.0255599520224544,-0.0113161967383081,-0.0165579833044543,0.230905539608423,0.475681779068263,0.975230280804772,0.454521824553887
"P24473",0.0501493154856203,0.076034243659452,-0.160158581308552,0.152832098276057,0.157933683658303,0.603797425254227,0.968338925911827,0.394149583315423
"P25113",-0.018109189144421,0.0617993924118337,-0.199351540343727,0.171572040539499,0.292378081343724,0.590835416241188,0.968338925911827,0.394149583315423
"P25886",0.0699509458771958,0.0587859691686995,-0.110183581073044,0.0145250443408733,0.169159129740925,0.623014628066865,0.968338925911827,0.514129814060495
"P26284",-0.0760036868243887,0.272295913720653,-0.106836586326372,-0.0111542664015214,0.154856274569377,0.127370962515421,0.97907999674198,0.488760480087604
"P26453",-0.230239856908045,0.233795285994165,-0.125997593500662,-0.0596222744241582,0.155152995401421,0.0513752216911334,0.968338925911827,0.262275169186936
"P26644",-0.0566032145126095,-0.019661589051093,0.354999480242671,-0.306998867412133,0.254560323684367,0.612203417395923,0.968338925911827,0.349591651667807
"P26772",-0.227331200379143,0.0382325912614783,-0.31421634555016,0.446858654679928,0.287286073144273,0.412717579817069,0.97907999674198,0.0753230075868248
"P27139",0.200655171666735,-0.521761929443047,0.567142949403504,-0.178791200969721,0.33579962507211,0.134178012651854,0.968338925911827,0.251185833383771
"P27321",0.063035780048684,-0.0506576159013164,0.150772882750497,-0.149553664364953,0.175883080775971,0.518028869424748,0.977167816460095,0.300257022362952
"P27605",-0.0749155529193888,0.161333264150133,-0.0245760153568304,0.0538758655162687,0.205298904209685,0.359728951142889,0.97907999674198,0.40008153816201
"P27791",0.39380578777217,-0.056205125406244,-0.0876632477321992,-0.410128308466991,0.274049120640851,0.264760421889415,0.842425843791675,0.0470874248717287
"P27952",0.152095519349709,0.0710490547600229,-0.164621211384702,0.0323862587605633,0.186598915042583,0.543824824173679,0.859284962074365,0.395581605340025
"P28023",0.506157675475424,-0.479222586628775,-0.142617098489233,-0.140370229456891,0.410300346068514,0.112896446851391,0.887091995485099,0.156310834967078
"P28042",-0.024527090733666,0.108764841860682,-0.101233762821268,0.0435153305974701,0.212777398992941,0.521337277398492,0.97907999674198,0.53787211300903
"P29117",-0.089081059885177,0.0386697150361627,-0.319569512859804,0.29317005229395,0.196709524771772,0.487539830717105,0.968338925911827,0.109101537096025
"P29147",0.123157325824482,-0.181355920183639,-0.0756431185750264,0.0831839863858009,0.209991967827449,0.359728951142889,0.968338925911827,0.571462185649499
"P29266",-0.00899445538181413,-0.00347117673493463,-0.0900527420050234,-0.171521511038352,0.208172919406452,0.638824011497466,0.978399290082421,0.349770993129976
"P29314",-0.251136809573815,0.0752009052076133,0.0190972163499422,0.153666849800315,0.34052756092327,0.412717579817069,0.968338925911827,0.236731870674873
"P29410",0.0793676058486303,-0.199105877633957,-0.0538247195242978,0.266434438931612,0.210625799523246,0.334143080504392,0.968338925911827,0.320032519789103
"P29418",-0.0825961841843237,-0.104548211041791,-0.387724889648307,0.491628981552449,0.247228055719386,0.613791529040404,0.968338925911827,0.0754091523847813
"P29419",-0.229478393373,0.0224510223825757,-0.328895714621205,0.224929713452376,0.240810841999374,0.392643955090295,0.977167816460095,0.113001895410554
"P29457",0.112930648481026,-0.015003001621962,0.217744797336453,-0.277635273856694,0.225840494415846,0.538332093204218,0.97907999674198,0.203400429871062
"P29975",0.226605302221426,0.0576921704114768,-0.016917515502755,-0.262514440286797,0.143371235728968,0.412717579817069,0.968338925911827,0.0695444426209569
"P30009",0.741264247141669,-0.248402098159337,0.0764701013530882,-0.628390750608297,0.249990228942781,0.0594517464540517,0.842425843791675,0.0222848770547006
"P30427",0.056676681382506,0.0301942328160903,0.0557239825045026,0.094726303301552,0.215643516666936,0.612203417395923,0.997515780258928,0.565881872256686
"P31000",-0.030332037965354,-0.164173253990289,0.15307553817584,-0.13620351684351,0.364481197187622,0.564165686504693,0.977167816460095,0.528518002314905
"P31044",0.13367432730102,-0.0179441776410433,-0.00709309668551822,0.202253942405998,0.216015497151425,0.471140429360074,0.968338925911827,0.519654243122706
"P31211",-0.143473760719163,-0.0598331947143005,0.229044705001877,-0.0595423600096515,0.406061288270603,0.603797425254227,0.968338925911827,0.568848086158658
"P31232",0.0398082786403701,-0.180987467558098,0.539924532122806,-0.37389627134102,0.788230203696993,0.602389740751263,0.975237959239784,0.488364212532535
"P31399",0.00794839559809437,0.114913301405035,-0.0978694980309239,0.475777029193648,0.24203609082038,0.543396208596686,0.977167816460095,0.110128120200226
"P32551",-0.115867942072506,0.0687816331638467,-0.123718190704706,0.103141678986619,0.158580104000686,0.359728951142889,0.997515780258928,0.197079887131358
"P34058",-0.0762374288665571,0.0429551444408863,-0.0713610385626511,0.0801587534569047,0.216905340948872,0.509542844535003,0.997515780258928,0.374321966083608
"P34064",-0.0095190837220005,-0.0566358011471795,0.137222777713826,-0.0667949851093855,0.170670860924988,0.602679782582658,0.968338925911827,0.532816190391896
"P35171",-0.160363371296704,0.000915190846163794,-0.0413404485654563,0.0423545696193264,0.194355270989768,0.43913100398949,0.968338925911827,0.277036618282683
"P35281",0.292319854607226,0.0728892612632305,-0.0996582302008799,-0.252963346775725,0.195044685803273,0.420304091079989,0.887091995485099,0.091704932701426
"P35434",-0.553356051080407,-0.0972601605137029,-0.299033663761973,0.366783072131132,0.349189273634916,0.339839901754492,0.968338925911827,0.0594630385351165
"P35435",-0.200494649904439,0.137588402151722,-0.0601769755016323,0.356620389267134,0.21143185221841,0.275535094544705,0.968338925911827,0.0594630385351165
"P35565",-0.117502890860464,0.181966063794993,-0.082052555078105,0.304602084001345,0.317253986711597,0.412717579817069,0.997515780258928,0.207395060576297
"P35704",0.153327869000495,-0.297457245034306,0.223539048632255,-0.032755916432052,0.204947067894685,0.127558601970768,0.97907999674198,0.315903428740452
"P35738",0.223294504740886,-0.299752342435862,0.12717839792587,-0.388011507360904,0.240717839033233,0.131848015517467,0.977167816460095,0.0673507478135089
"P35745",0.0468476092432634,0.13748662444915,-0.247370945462573,0.0814852765901804,0.17975402993446,0.551790462182837,0.968338925911827,0.571462185649499
"P36201",-0.213354260804221,0.0302515615055032,-0.234298502168896,0.525020977847797,0.412737896995412,0.49721027501188,0.997515780258928,0.124876887596582
"P36953",-0.322027864003869,-0.00115052092343113,0.385525966778005,-0.110771572735566,0.298719877867959,0.383423975808567,0.842425843791675,0.377640827514618
"P36970",0.0110756685540702,0.0482769238624645,-0.0463215656525829,0.00859906997401905,0.155769281771528,0.602766008849496,0.97907999674198,0.612430500912734
"P36972",0.334464943791039,0.0596268136781806,-0.0512122348061714,-0.212546972417265,0.197382698635951,0.331761455946434,0.842425843791675,0.0549747028752738
"P38650",0.222797701274757,0.156913991429159,-0.25310483906905,0.207028199139573,0.312275015596187,0.602766008849496,0.887091995485099,0.607766865378418
"P38652",-0.326137084147959,0.260811805041355,-0.103857358713484,0.066722885776449,0.213886417062192,0.067174183630368,0.968338925911827,0.118698986162386
"P38718",-0.0607062321851278,-0.0740369210920079,0.146471786819812,-0.422691084373102,0.24803777038663,0.628511987624241,0.968338925911827,0.174632725003007
"P38983",-0.142941324637541,0.268292626280341,-0.0104795264492735,0.266717590250359,0.451214368782552,0.413964680032109,0.97907999674198,0.315903428740452
"P39069",0.126028287277709,0.00923801940622523,-0.0754472792836976,-0.018045274540572,0.165487325450888,0.470670482766689,0.968338925911827,0.326899218386615
"P40307",0.0619718743452001,-0.0401004435134229,0.0242549157768256,-0.150451152495186,0.170566474422734,0.528245847509764,0.981946303808589,0.293030523437916
"P40329",0.130455179905243,0.023373316988238,-0.240083228177989,0.0658029976531339,0.198413389589141,0.543824824173679,0.918839802578879,0.535818010998352
"P41123",-0.193991754438251,0.0733038026964329,0.0167952642132499,0.221759074732828,0.275840688653493,0.412717579817069,0.968338925911827,0.166807927606172
"P41350",0.0611622064026427,0.0328262622168669,0.00233823306432631,-0.088501885375817,0.157851981075504,0.603797425254227,0.97907999674198,0.3039856549365
"P41562",-0.16973942284662,0.392536287564219,-0.218937887176352,0.253509292316338,0.193377283878601,0.0592037168841056,0.97907999674198,0.0821821435383762
"P41565",-0.258382662611524,0.0775029544657637,-0.0551947894653129,0.206008124237548,0.251962549738215,0.331761455946434,0.968338925911827,0.117955083062742
"P42123",-0.106560832404236,-0.00478212007671665,-0.104987617584444,0.249080207949942,0.165950690452278,0.491197276125284,0.997515780258928,0.0889240901555299
"P42930",-0.126302413679409,0.169952616823515,0.0729236864726207,0.204501560823498,0.386254498778749,0.452273586923539,0.975230280804772,0.330996405002072
"P43278",-0.130333538521621,-0.105943464227664,0.0336697380512402,0.0816078021541754,0.254215877137694,0.613791529040404,0.968338925911827,0.337027626570189
"P45592",-0.215119587385731,-0.00199341038814526,-0.0647825726607718,0.19522794684079,0.319405152813687,0.483849024736962,0.977167816460095,0.212836513719622
"P45953",-0.18050887057151,0.166909713124354,-0.0731937583847317,0.0483599615467547,0.172450453267956,0.158024326052613,0.968338925911827,0.207504018480541
"P46462",-0.108930852807097,0.114110276844344,-0.119179794324991,0.0816261610717502,0.16479805336112,0.331761455946434,0.997515780258928,0.247057721853804
"P47727",0.12044629323986,0.0503561294544187,-0.0204884540634853,0.218179512248311,0.311954815895141,0.602389740751263,0.977167816460095,0.520124467959078
"P47853",0.054021592476611,-0.413552615606585,0.89839718211845,-0.581592196583504,0.614228645378368,0.491824907993802,0.968338925911827,0.340649078596185
"P47858",0.109764072192354,-0.206377862652814,0.0329136995127858,-0.152618447982062,0.167658563875515,0.188525606629081,0.977167816460095,0.157678050009307
"P47875",0.198327101721669,-0.197412933366352,0.184630544951763,-0.11573425295085,0.55311209677837,0.470670482766689,0.997515780258928,0.424083624711843
"P47942",-0.0178500555255632,-0.16963882458361,0.0874554752374076,0.0180276928175999,0.195945672589927,0.449927090606933,0.975230280804772,0.562751598896444
"P47967",-0.18570953339299,-0.616692193545194,0.648065099737558,-0.0377112140900957,0.37782735421601,0.359728951142889,0.842425843791675,0.494664993103968
"P48037",0.0845538427404256,-0.126464930349714,0.124377901065754,-0.354313528154401,0.180954152287559,0.359728951142889,0.97907999674198,0.0739385628578512
"P48500",-0.122812802009808,0.13027849862958,-0.0856888588210078,0.259878990186962,0.19593219937992,0.340834682335586,0.980134370544289,0.108089095022076
"P48675",-0.251787223749923,0.159046158087993,-0.15975334533689,0.453766452155499,0.331541178391586,0.348490178173767,0.97907999674198,0.0899633508391092
"P48679",0.111701163052396,-0.139258834383499,-0.0154977114705001,-0.133786784461368,0.207037214380893,0.349827722510423,0.968338925911827,0.237199572956664
"P48721",-0.375386601577502,0.325408599450414,-0.300270610461843,0.285872235517275,0.181671307117627,0.0270684870806848,0.977167816460095,0.0222848770547006
"P49134",-0.118859115334463,0.105554983314423,-0.0217421170784558,-0.068377736084575,0.188562929345892,0.412717579817069,0.977167816460095,0.558280593043369
"P49242",-0.151091318588906,0.150551974568082,0.0294708618050842,0.278715994346478,0.291208754447938,0.396415536284422,0.968338925911827,0.172161835201518
"P49432",-0.125158143879291,0.278987036061292,-0.0666607785028127,0.0952744615965302,0.190798617348633,0.135396061941125,0.97907999674198,0.247057721853804
"P50399",-0.112057322515799,0.15474552964064,-0.0831750035357311,0.0882810624619129,0.321033517634329,0.43913100398949,0.997515780258928,0.40008153816201
"P50463",-0.194058329658676,0.240474115630795,-0.0981913420234104,-0.0322615981370097,0.126174730290448,0.0378394924545219,0.968338925911827,0.212954872940109
"P50503",0.082004771902471,0.160860238820581,0.0531148188086091,-0.26305213505743,0.214852962945019,0.564165686504693,0.991288661241918,0.150035802937605
"P50753",-0.0110714322195547,-0.00748609240458217,-0.152936777842733,0.338747249908027,0.230530201686773,0.641257100634873,0.968338925911827,0.166807927606172
"P50878",0.0452725282371409,0.0032463633557618,0.0297257490582332,-0.197935758843354,0.168640395625603,0.602766008849496,0.997515780258928,0.250925227235354
"P51650",0.00421816572033927,0.0655805265578303,0.0584239051741803,0.0498131926796428,0.160831778561804,0.561406107852834,0.97907999674198,0.528716241092433
"P51868",-0.00839097296371607,0.0401493030518523,0.153220852256626,-0.0019860302920307,0.187416609714807,0.594648495484618,0.968338925911827,0.607766865378418
"P51886",0.136746055296753,-0.0370919848831663,0.382705572010806,-0.372825512678421,0.405167207547508,0.543824824173679,0.968338925911827,0.219528278184502
"P52296",0.235477158585589,-0.0112075450357946,-0.200898607699088,0.118667162829616,0.185167487479413,0.331761455946434,0.842425843791675,0.399140404898995
"P52481",0.054610710817165,-0.10016637834527,-0.0480784692634827,0.0163856989022003,0.409868341920803,0.56295639086889,0.97907999674198,0.591799176651886
"P52504",0.161765325994138,0.263094724246351,0.0183729438297326,-0.387574597273611,0.218643414992239,0.535500636118951,0.968338925911827,0.0677741279260321
"P52944",-0.306649745744751,0.041950237636871,0.158357527634961,0.182053237333729,0.25003091961167,0.331761455946434,0.842425843791675,0.108089095022076
"P53534",0.153088180304062,-0.05803079025631,0.134325008674512,-0.14150928572721,0.156876132411166,0.331761455946434,0.993447009228767,0.113001895410554
"P53987",0.0516230840599778,0.262935349729136,-0.159558470831974,-0.0908501556472353,0.235572111235312,0.419536848353933,0.968338925911827,0.406191771890727
"P56571",-0.0288581541626024,0.118744563570897,-0.194711879264241,0.645079397865675,0.338786718475798,0.543824824173679,0.977167816460095,0.10255441625769
"P56574",-0.107138223151484,0.0348932728500746,-0.105876542473369,0.348725540318384,0.201607839476273,0.470670482766689,0.997515780258928,0.0775841283348681
"P56741",0.158067562660017,0.157049507896464,0.152263842586587,0.293163169645647,0.371955257059447,0.641257100634873,0.997515780258928,0.503507951804641
"P57093",-0.121030114735924,0.0368895243275479,-0.0660048234730451,0.259793466064671,0.136472893657792,0.359728951142889,0.977167816460095,0.0549747028752738
"P58775",0.062336727459064,-0.0497204182555033,0.291471115951345,-0.518893186200351,0.344826703932819,0.575287799585202,0.968338925911827,0.135277345677161
"P60711",-0.261463698735181,-0.108196273830321,-0.0430746567013596,-0.023387111978944,0.289547214123379,0.515756925576719,0.968338925911827,0.340649078596185
"P60868",-0.37615270764492,0.137238606294247,-0.0226544395830297,0.263627743283058,0.316949075105936,0.344123089059455,0.968338925911827,0.158389359959354
"P60901",0.0982891163942799,0.0520304812801814,-0.0249264221842964,-0.128098832386845,0.165920828053944,0.602389740751263,0.969207681297504,0.265748921920641
"P61016",-0.274707801892092,-0.0195307216221971,-0.180996383542087,0.375608067940821,0.35943815732091,0.470670482766689,0.97907999674198,0.124579341608645
"P61206",0.0385909988202267,0.0932854262298615,0.183703164686612,-0.529977487078286,0.234188773101315,0.602389740751263,0.968338925911827,0.0739385628578512
"P61589",0.111761914671654,0.0890647078931086,0.0379943696318429,-0.200915859283094,0.179491410002776,0.613791529040404,0.97907999674198,0.20148734687741
"P61980",0.120350671322046,-0.0610778657502898,0.0215897567588493,-0.0980729691066117,0.165429804780218,0.380155988210441,0.969207681297504,0.207730759966659
"P61983",-0.295624486431863,0.0731705991104899,-0.195041809547711,0.21595678935669,0.246271734421729,0.315373608081166,0.977167816460095,0.091704932701426
"P62076",-0.139658891567469,0.207466498435026,-0.308314345143887,0.227536525610393,0.196460463751966,0.331761455946434,0.968338925911827,0.176723628916992
"P62083",0.395865190086425,0.166605084427596,0.162899242372385,-0.246850022945866,0.241741916482586,0.412717579817069,0.968338925911827,0.0594630385351165
"P62198",-0.322625301501035,0.127005907973587,0.101659607238341,0.178046507084231,0.359430864490356,0.412335746873138,0.968338925911827,0.262275169186936
"P62243",0.0538870419100327,-0.0396043677061377,0.190048048533613,-0.175207467274213,0.147592207120212,0.521067883235725,0.968338925911827,0.229018701219302
"P62246",0.0101098942596507,0.0309203506466453,-0.0130036138277211,-0.0882182357835253,0.131519448106428,0.603797425254227,0.981946303808589,0.362475851732992
"P62250",0.00426181563415007,-0.0352822331802207,0.115670511317456,-0.148986049613607,0.153132234121294,0.602766008849496,0.972955934139519,0.348469925767852
"P62260",-0.087594853240402,0.0605578481805966,-0.0448151966338221,0.0549565867185775,0.178192525814657,0.43913100398949,0.97907999674198,0.348469925767852
"P62268",-0.25131279847555,-0.0518307688322696,0.0749562397641969,0.293938115366403,0.246748024041441,0.487539830717105,0.968338925911827,0.134372814571844
"P62271",0.023758188781893,0.0233402093900855,0.128566114327911,-0.114752743416374,0.182606439708607,0.641257100634873,0.977167816460095,0.40556330762093
"P62278",0.583143441161775,0.119814981621946,-0.342174407457381,-0.441348655270985,0.296946661356017,0.349827722510423,0.842425843791675,0.0677741279260321
"P62282",0.0693277179941944,0.0497633901371524,-0.186719066429922,-0.0953833792208577,0.166214416172971,0.612203417395923,0.887091995485099,0.291509093344774
"P62425",-0.0234068200920193,0.0885148875574827,-0.100468352628262,0.00133531805145933,0.263557307641923,0.543824824173679,0.97907999674198,0.591799176651886
"P62494",-0.07930237751397,-0.0199731490262248,-0.0115079886969739,0.168721935493419,0.212560287426897,0.602389740751263,0.97907999674198,0.31183390577558
"P62630",-0.243955396381344,0.175658963564421,-0.292473384001654,0.042050470664742,0.49609679379996,0.43800132870855,0.997515780258928,0.419664989953749
"P62632",0.0122855019611903,0.0267396769665814,-0.12393376845599,0.0180413704953907,0.146231863322657,0.613791529040404,0.968338925911827,0.607766865378418
"P62703",-0.269884849039537,0.21692918865253,0.0545073330666386,0.198137630789997,0.253126191026641,0.185329424057638,0.968338925911827,0.117955083062742
"P62755",0.0114018505398029,0.0952132342398867,0.0279137328078048,-0.0778240953655545,0.146196452074839,0.53637179358199,0.997515780258928,0.46119816648152
"P62804",0.0454638051827822,-0.00843229807681926,0.115953028705298,0.305927368340175,0.331512201511797,0.603797425254227,0.97907999674198,0.349591651667807
"P62828",0.0781317635202608,-0.024347529106052,-0.18728040414571,-0.02985234651806,0.258389121546629,0.556919510392375,0.968338925911827,0.488760480087604
"P62832",0.122334963589493,0.102910880014261,0.0105058027265562,-0.10050746231291,0.163784339501456,0.612203417395923,0.968338925911827,0.20148734687741
"P62836",0.0018196976019038,0.0455959588513059,0.109334184030515,0.371379586723972,0.499248559299654,0.613791529040404,0.97907999674198,0.36487982413602
"P62853",-0.0512085210517908,-0.0663981413416827,-0.274878828090574,0.445762440382218,0.564707612102636,0.638824011497466,0.977570066881008,0.322593659603036
"P62856",-0.0305056732285598,-0.0051328164929841,0.0359453059100699,-0.0901529810665927,0.16897410404173,0.612203417395923,0.97907999674198,0.528716241092433
"P62859",-0.0651537853349445,0.196593116882473,0.128194791878327,0.00473843641557315,0.279338536866812,0.45512920319878,0.975230280804772,0.560739037893479
"P62890",0.0969562774024472,0.00863530977268525,0.0347823105047514,-0.16061740049509,0.147544616469203,0.528245847509764,0.97907999674198,0.20148734687741
"P62898",-0.330039869224547,-0.178697586282022,-0.807857963725164,0.744468244775248,0.606791204510954,0.598764791562488,0.968338925911827,0.124876887596582
"P62902",0.170388811813106,0.248358023159952,0.157669266204875,-0.275451962807162,0.200818046440299,0.55956699937913,0.997515780258928,0.0797532300104246
"P62907",-0.239869649789431,0.064294698178377,-0.136533319946094,0.116910953723179,0.327987698435296,0.412717579817069,0.97907999674198,0.263002581009802
"P62909",-0.0407323463447758,0.0930358950380041,-0.0324109844091367,-0.0478870278004015,0.178907675096847,0.45512920319878,0.997515780258928,0.607766865378418
"P62919",-0.0801790970365457,-0.00241195992776449,-0.022808107981259,0.0500343480572319,0.184113062922194,0.543824824173679,0.97907999674198,0.377640827514618
"P62959",-0.170904958010885,0.0867865885647227,0.0668680499521387,-0.102891427183852,0.174834287828338,0.317311845820286,0.968338925911827,0.494664993103968
"P62961",0.09807354104867,0.34424543076513,0.314569926313843,-0.313541189842911,0.24707455758506,0.442373734730627,0.968338925911827,0.21064757479018
"P62963",-0.329817208392617,0.0834855749238748,-0.00581327861324901,0.326197885647462,0.381570143225016,0.382962691040592,0.968338925911827,0.132173648979343
"P63018",-0.140252310330037,0.00137327841340457,-0.048926905999406,0.036165355762174,0.17547561465426,0.442373734730627,0.975230280804772,0.288615478058977
"P63029",0.0721459542136059,0.0164200098999803,-0.166923368206993,0.0160086947081768,0.283166894588463,0.602766008849496,0.968338925911827,0.561400697054695
"P63031",0.0940459489107605,-0.0142932171412783,-0.0181846670336516,-0.00454443257750003,0.156172766309525,0.473814596446319,0.968338925911827,0.399140404898995
"P63039",-0.0976698748806807,0.147972256064005,-0.161960252877147,0.664150630968446,0.425341822936038,0.501112922222018,0.986903499063367,0.124876887596582
"P63088",0.167228771292171,0.136560541255724,-0.0961156791922474,-0.182466622987342,0.222504255161749,0.6133441260487,0.968338925911827,0.224954706493813
"P63102",-0.193563933501398,0.0710839127006844,0.0758805896201046,-0.125254221957786,0.254138821098868,0.39427131294402,0.968338925911827,0.532816190391896
"P63159",0.142045884051222,-0.182033938824971,-0.129300845789996,0.0736541724596393,0.221491707322836,0.317311845820286,0.968338925911827,0.520124467959078
"P63245",0.112981487368825,-0.181809298507254,0.0959220520901804,-0.00862283730216948,0.275400740898656,0.436810683275208,0.997515780258928,0.504817811650399
"P63255",-0.0710479861853355,0.177305264632134,0.233869783520428,-0.204496107322719,0.246360240280383,0.442373734730627,0.968338925911827,0.485009654370927
"P63324",0.0732443079384486,0.0560739329395207,0.0099642129382562,-0.122941693786273,0.146599589175007,0.613791529040404,0.97907999674198,0.271877583529269
"P67779",-0.452213275855432,0.220068388330127,-0.260311626321101,0.35598965058667,0.180809289972347,0.0270684870806848,0.968338925911827,0.0107216939720721
"P68035",-0.0374048540450252,-0.114807565759128,-0.185076824394444,0.53012725174377,0.483158200590802,0.603797425254227,0.97907999674198,0.241364221490953
"P68136",-0.166452950950386,0.26709606463766,-0.189574363815595,0.0387095089266709,0.216512569572468,0.158024326052613,0.997515780258928,0.3039856549365
"P68511",-0.0594431467710979,-0.0440946332663234,0.0378501094642183,0.18462013692675,0.251975086743465,0.625109961001986,0.97907999674198,0.297040687654552
"P69897",0.104938983275586,-0.0844322506160124,-0.0807498725599043,-0.0358782491348567,0.346766107379133,0.510705730091864,0.975230280804772,0.492519434612227
"P70567",-0.0557668286032085,0.165293858091421,0.104838689183663,0.0193539246058733,0.294063031155697,0.45512920319878,0.975230280804772,0.538155093489103
"P70615",-0.13813840702105,0.0350530809135302,0.157977442959391,-0.193919499145919,0.267282462901515,0.487539830717105,0.968338925911827,0.560247166197079
"P70623",0.0932082371748557,-0.0779094711379238,0.233903700309915,-0.16421571713477,0.250206252442481,0.475759440173839,0.975230280804772,0.28237719415137
"P80254",-0.364319359989006,0.066300278109664,0.0101939098702577,0.468276103750807,0.315775780617036,0.331761455946434,0.968338925911827,0.0594630385351165
"P80299",-0.0886895220183235,0.189236096250215,-0.256616347225663,0.132110362388771,0.219891280587698,0.411262493195865,0.968338925911827,0.348469925767852
"P80432",0.0114453452318746,0.235190248637773,-0.125278391256949,0.280040875522034,0.303291916575069,0.460765617616163,0.977167816460095,0.320478929654685
"P81155",-0.0242778788253406,0.0274254078975073,-0.0889985389517057,0.297349662026672,0.188187441797624,0.590835416241188,0.97907999674198,0.133190123486125
"P82995",0.0039223613378114,0.0893178314985706,0.0580359293449153,-0.297282182993756,0.162792804585161,0.543824824173679,0.97907999674198,0.180847544455602
"P83732",0.0145392102009155,0.0945085997222603,-0.136133898895651,0.335371027691509,0.506704748218587,0.603797425254227,0.97907999674198,0.399140404898995
"P84100",0.0700570643034158,0.0365798682410376,-0.0143130372805738,-0.0571525842486822,0.152422580014132,0.603797425254227,0.977167816460095,0.390715969698167
"P84245",-0.037845361768389,-0.109161915790147,0.14596182330779,0.0257144031509363,0.206011327052297,0.569052208791085,0.968338925911827,0.520124467959078
"P84817",0.262127298017756,-0.21050610778833,-0.0790631762401658,0.0474526931995095,0.174062378539524,0.156449788846676,0.887091995485099,0.295665208234377
"P85125",-0.031297128238036,-0.156028002479669,-0.0527642112959901,-0.214325348873221,0.197010475459191,0.491197276125284,0.997515780258928,0.311136209000584
"P85834",-0.128262385861832,0.0698648858270159,-0.0348707390570924,0.36213660686735,0.203352403728888,0.412717579817069,0.977167816460095,0.0747215470808157
"P85968",-0.133441677137637,0.302173427708548,-0.162227193893146,0.0309279684716365,0.193881074512945,0.127370962515421,0.986903499063367,0.330996405002072
"P85972",0.00172368670050978,0.185983617175757,-0.0126931216408242,-0.104285954698269,0.132803722597228,0.331761455946434,0.997515780258928,0.348469925767852
"P86252",0.142598261492678,-0.0691116831893393,0.116205351016263,-0.182739125362266,0.154073944672585,0.382962691040592,0.991288661241918,0.144945186917098
"P97519",-0.0723353920882489,-0.104985370790719,-0.309313969462509,-0.0533374755936063,0.170485844428662,0.604539788534151,0.968338925911827,0.591799176651886
"P97521",-0.28480495985007,0.481842739660022,0.120972905320525,0.0815109183773243,0.265171350123152,0.0592037168841056,0.887091995485099,0.197079887131358
"P97532",0.311967427263582,-0.317274253548114,-0.0813268841726143,-0.345275374185752,0.286442906091724,0.127558601970768,0.968338925911827,0.0775841283348681
"P97541",-0.193523274730074,-0.110753507963397,0.0485978162092564,0.256985265826467,0.307268264510816,0.592185938788819,0.968338925911827,0.173066798889943
"P97576",-0.0840745243556719,0.134024873610261,-0.130002484279572,-0.0626285455431437,0.189740969746178,0.359728951142889,0.97907999674198,0.58685104307834
"P97584",0.053617459666823,-0.154253423909818,-0.056408128896735,0.203400246115088,0.207684701975516,0.442373734730627,0.977167816460095,0.419664989953749
"P97700",-0.065130583628596,0.100774619726073,-0.10520883055976,-0.0382197875677373,0.180953865418072,0.413964680032109,0.97907999674198,0.571462185649499
"P97852",-0.802794487673641,0.2826821876557,-0.492453176813779,0.557804258405699,0.245977260447799,0.0148728551653299,0.968338925911827,0.00329796948788928
"Q00715",-0.0627449807355768,-0.0336328265434655,0.161069823295417,0.104226428692426,0.250084827722454,0.612203417395923,0.968338925911827,0.390715969698167
"Q01129",0.257951655951572,-0.272560813974889,0.144929969537644,-0.158551302516215,0.374694231739375,0.331761455946434,0.97907999674198,0.259084761783606
"Q01177",0.143846722365055,-0.378547820401927,-0.0953837315191725,-0.434289793080119,0.376329715999718,0.331761455946434,0.968338925911827,0.162499589994109
"Q01205",-0.194829840014559,0.114693409486246,-0.0309154386230347,0.307262976384631,0.282642423264613,0.380155988210441,0.973931934950691,0.124876887596582
"Q02253",-0.286145327534582,0.215751942695833,0.0259207370574627,0.229581106012534,0.195106454008206,0.0903593981135288,0.887091995485099,0.0594630385351165
"Q02874",-0.0908855557890415,-0.0513321398100073,0.0903806850403049,-0.115340078530623,0.179973519534892,0.603797425254227,0.968338925911827,0.58685104307834
"Q03344",-0.360154275218769,0.0829728404739923,-0.468350421929666,0.667130104385718,0.361668485022045,0.349827722510423,0.97907999674198,0.0524274636077007
"Q03626",0.0602643713270663,-0.17653614505873,0.026655542082083,-0.251489699938665,0.403015437737901,0.497572208230875,0.997515780258928,0.351552231878403
"Q04462",0.010286887347998,-0.114498083583559,-0.0528405407924485,0.103976572083649,0.158728970965483,0.491197276125284,0.97907999674198,0.469438142403977
"Q05962",0.00861195357729453,0.237394148437735,0.0482811237982991,0.870242600874662,0.650870311702907,0.569052208791085,0.997515780258928,0.207504018480541
"Q06647",-0.469597071096291,-0.137743981371425,-0.474772975799232,0.178347232470604,0.395305602178935,0.43800132870855,0.997515780258928,0.142365422293321
"Q07439",0.0992223445445305,0.0465333340682235,-0.178693491042392,0.0121208860960987,0.363230422311329,0.612203417395923,0.968338925911827,0.561400697054695
"Q07803",0.0918721709308486,0.0561302552424161,-0.127497824236083,0.0991759990723627,0.144016905668444,0.602766008849496,0.968338925911827,0.607766865378418
"Q07936",0.118661110641215,-0.0350814900476657,0.0192365850505259,-0.125899742466757,0.202044656623946,0.4537852697838,0.977167816460095,0.231519773107065
"Q07969",-0.120357180986255,0.070385338034239,0.0294935410788652,0.130556930176157,0.215576118044102,0.421606286760757,0.968338925911827,0.24540965635695
"Q09073",-0.0832166737837017,0.345714510489332,-0.268950668848573,0.0401770177214884,0.155485996606312,0.0670572483513914,0.968338925911827,0.349324051076112
"Q2PQA9",-0.092089783493112,0.0412887213540995,-0.0864337230825686,0.0625216455286613,0.290051238063516,0.564165686504693,0.997515780258928,0.487347560089236
"Q2PS20",-0.283400323548236,0.0462490797911393,-0.0403024851600148,0.257893934541523,0.301888496985806,0.380492399372924,0.968338925911827,0.124876887596582
"Q2TA68",-0.101697832389437,-0.0325104522424226,-0.181456039473475,0.276185909805039,0.155333283927156,0.542161057475357,0.975230280804772,0.0739385628578512
"Q3KR86",-0.172913496215303,0.150580107376378,-0.113670202358293,0.194731497430067,0.131590268762552,0.10197726294118,0.977167816460095,0.0549747028752738
"Q3T1J1",0.141907371069488,-0.292740883563635,0.380327642169628,0.186088582999972,0.247758709739641,0.331761455946434,0.968338925911827,0.573483303939908
"Q3T1K5",-0.408489479655652,0.0894294042136476,0.125451087905717,0.188774296801173,0.377330473805768,0.334143080504392,0.960884394191979,0.154858876271212
"Q497B0",-0.444765945922079,0.0724404907782888,0.0732405314938459,0.0354005545901048,0.254839879765703,0.157428338982604,0.842425843791675,0.113001895410554
"Q499N5",0.340632561491719,0.20265063883624,0.121292398689587,-0.255365605061696,0.220613514092731,0.491197276125284,0.968338925911827,0.0594630385351165
"Q4FZT0",0.00956890551120405,0.174706304497036,-0.146243171522966,0.0538692175279365,0.206830650217083,0.4905775543219,0.968338925911827,0.567205426839529
"Q4G069",0.198115465792201,-0.104282409065254,0.0504463417396027,-0.0388769123726885,0.183615758225656,0.264760421889415,0.968338925911827,0.212118899959796
"Q4QQT4",-0.0449952839749735,-0.113907590600521,0.0823500902094894,-0.118506870371683,0.138130196264065,0.521337277398492,0.968338925911827,0.442474033957414
"Q4QQV3",-0.181248002489512,-0.0773558257628771,-0.172224587441265,0.258404075007154,0.211225627026014,0.52253157411819,0.997515780258928,0.091704932701426
"Q4V8C3",0.115654532202794,0.001570435377948,0.0670114039106245,0.48454905869963,0.184687091781991,0.522261727515809,0.97907999674198,0.161376690213273
"Q4V8F9",-0.210118831994612,0.344731489634156,-0.188236716437807,-0.0318924509850968,0.173122561053644,0.043133991257971,0.993447009228767,0.28237719415137
"Q4V8H8",-0.0204803105242673,0.0102342892458997,0.127234564770285,0.0552547428589489,0.224452465001344,0.612203417395923,0.968338925911827,0.511018595736754
"Q505J9",0.142836370835165,0.0559774406415615,-0.386930412485479,0.454707845901633,0.426455648576346,0.603797425254227,0.968338925911827,0.415828050912075
"Q561S0",-0.0108957228239191,0.16792018546784,0.0964674160517709,-0.14026346780559,0.188283484929313,0.412717579817069,0.975230280804772,0.385793491039487
"Q5BJQ0",0.360628059997739,-0.349088588705847,0.192156081190528,-0.20985997214223,0.218013822664443,0.0422538995062641,0.968338925911827,0.0606027855549849
"Q5BK63",0.0214863493799951,0.180846126430941,0.173941055228337,-0.0684243555062853,0.229017783099569,0.473814596446319,0.968338925911827,0.494664993103968
"Q5BK81",0.00308541653929196,0.110532754707251,-0.0908364333332258,0.0813675760967831,0.273409356188709,0.558260280513058,0.97907999674198,0.528716241092433
"Q5I0C3",-0.0472779160210677,-0.0534095989287197,-0.0035140055659064,0.144164919701289,0.210785451865052,0.638824011497466,0.97907999674198,0.315903428740452
"Q5I0G4",-0.103440977264691,0.286838096673785,-0.167953719281383,-0.0535770256661421,0.213567380715788,0.331761455946434,0.97907999674198,0.561698478651893
"Q5I0K3",0.310213022356534,0.263381155152121,-0.08825522288321,-0.000629038843546,0.349568057436759,0.612203417395923,0.968338925911827,0.320032519789103
"Q5M7W5",-0.0104664418156679,0.156070763213406,-0.088995573563764,-0.0473044072261536,0.150654090612347,0.378569002593472,0.975230280804772,0.5419434858445
"Q5M9I5",-0.202824645450403,-0.648967793998994,0.346614640468865,0.571034235770061,0.35266589546025,0.344123089059455,0.887091995485099,0.0820774368115437
"Q5PPN7",-0.143997715598111,0.0949631308435487,-0.0397728637012219,0.199215618933147,0.145178830949094,0.340834682335586,0.975230280804772,0.124876887596582
"Q5RKI0",-0.0878880850910979,0.0208442490696879,-0.0349531850870198,-0.00966658901721767,0.228039994804721,0.528900481504943,0.97907999674198,0.508464532714951
"Q5RKI1",0.138700493907937,-0.0607259874920132,-0.229040691307075,0.0742122803019914,0.236075095962786,0.43800132870855,0.887091995485099,0.532477567730169
"Q5SGE0",0.0391408925041843,0.0774230575639355,-0.0828643737058356,-0.104127259223366,0.160076242487624,0.600969103194095,0.968338925911827,0.319181219832578
"Q5U216",0.145849752488821,-0.0776923037331824,0.102453930099555,-0.16521800425734,0.164610685716817,0.383423975808567,0.97907999674198,0.173066798889943
"Q5U2X7",0.11830460630672,-0.105106945736436,-0.305885439929251,0.274435457382554,0.238418180014664,0.412717579817069,0.842425843791675,0.394149583315423
"Q5U300",0.0405289437076637,0.0273886396916067,-0.0957935379840879,0.36529241882486,0.414734411972927,0.638824011497466,0.97907999674198,0.349591651667807
"Q5XFX0",0.061616170285511,-0.049416064858153,0.118682191089537,-0.168145627485905,0.25067927683624,0.569052208791085,0.981919500438955,0.368954984412186
"Q5XHZ0",-0.0858953023055647,-0.0227721966595307,-0.2277011932099,0.208351848871819,0.223152914463376,0.590198109636176,0.968338925911827,0.207730759966659
"Q5XI32",0.109739093462396,0.141758949678626,-0.00225943822749487,-0.120586084470553,0.121969210677222,0.594648495484618,0.968338925911827,0.113001895410554
"Q5XI73",0.00591853253318074,0.00500668145048043,-0.210632558460443,-0.0632486071632677,0.222541384715667,0.641257100634873,0.968338925911827,0.520124467959078
"Q5XI78",-0.124376078272156,0.0893836744984411,-0.00530059058002343,0.0181180472675255,0.166812847466195,0.340834682335586,0.968338925911827,0.330996405002072
"Q5XIB3",-0.151589969351557,0.208298938580648,-0.0471088791240698,-0.0244268569882728,0.163150770623901,0.127558601970768,0.968338925911827,0.349770993129976
"Q5XIC0",-0.337891528434376,0.205070920406936,-0.297522103294924,0.265274774004693,0.190808968581751,0.0594517464540517,0.97907999674198,0.0356936148980465
"Q5XIE6",0.0695644295177309,0.163780990442764,-0.0781731204676821,0.128682780212545,0.178084030096697,0.515756925576719,0.968338925911827,0.512408420336737
"Q5XIF3",0.0380241214636638,0.117429453030357,0.0556078815991875,0.0422270195875991,0.140807624089536,0.50295611709241,0.993447009228767,0.607766865378418
"Q5XIF6",-0.0363444312224866,0.03600835755314,-0.0653630354557435,0.17727473331706,0.17018974523159,0.543824824173679,0.981946303808589,0.219528278184502
"Q5XIG4",-0.145841337164661,0.0494811566681553,-0.480621898576482,0.471021542554163,0.36892275220521,0.515756925576719,0.968338925911827,0.135916158934494
"Q5XIH7",-0.415795552998992,0.171108476443754,-0.242590919314202,0.422747505910419,0.229020318559301,0.0903593981135288,0.968338925911827,0.0222848770547006
"Q5XIJ4",0.000753843427696493,0.107248590276805,-0.0710932147899297,-0.0159934528726305,0.202017470382798,0.543824824173679,0.97907999674198,0.601566156440382
"Q5XIM5",-0.418908280037772,-0.0298801607488847,-0.0422060652099672,0.961582623387441,0.625871900743141,0.521337277398492,0.977167816460095,0.134372814571844
"Q5XIM9",0.130468804936755,-0.0519406414481868,-0.0218068481636219,-0.166068200667826,0.151926460455257,0.412717579817069,0.968338925911827,0.166807927606172
"Q5XIN6",-0.182429503195801,0.345842186564719,-0.104159546088022,0.342014990285158,0.295703804702739,0.222417635596123,0.97907999674198,0.124876887596582
"Q5XIT9",-0.0960998917862396,-0.104656189249033,-0.166346911476916,0.158054459501329,0.275818194592372,0.638824011497466,0.97907999674198,0.31235232038126
"Q60587",-0.346515509862298,0.465308775459142,-0.153380491095991,0.713909646798599,0.266713639919601,0.0482738905511965,0.968338925911827,0.0151465910472612
"Q62651",-0.269556207799577,0.313119800995702,-0.0910963073877087,0.253815417132878,0.158653886393962,0.0270684870806848,0.968338925911827,0.0312732927779803
"Q62736",-0.0158313672834025,-0.173415253832204,0.309763009674694,-0.179765874944017,0.366425015873643,0.569052208791085,0.968338925911827,0.503928523787069
"Q62812",0.00318481321839868,-0.0384296437589572,0.093972045080992,0.300371791359648,0.481024935349011,0.613791529040404,0.980134370544289,0.401182651306711
"Q62871",0.151981357175739,-0.0309162928942275,-0.172357034719616,0.10031779119285,0.246522880774814,0.495563673980068,0.968338925911827,0.568471343382398
"Q62920",0.0726961180468557,0.159945230750869,0.106647467775581,0.204283536278416,0.280659796724941,0.584084163814706,0.993447009228767,0.469882840047095
"Q62930",-0.013592396192803,-0.379480033510458,0.433296884521508,-0.069851462637723,0.323627732177081,0.419536848353933,0.968338925911827,0.573590899506914
"Q63041",0.112802920075589,-0.278639349871859,0.646127211380808,-0.338979392191025,0.292955732321833,0.331761455946434,0.842425843791675,0.161376690213273
"Q63065",-0.0360002491100327,-0.0222935924266622,0.0593443091669075,-0.168364826172967,0.185577051199726,0.619159703800219,0.975230280804772,0.375995277222097
"Q63081",0.123125310967094,-0.0131562122997881,0.184057366025962,-0.278351784639299,0.16205137519855,0.481449433244476,0.97907999674198,0.113001895410554
"Q63159",-0.00855327193853883,-0.196292747817238,0.197916695742252,0.058461897130852,0.191482836175031,0.412717579817069,0.968338925911827,0.506068790607951
"Q63258",-0.0034336637211235,0.139121283467612,-0.0778572050182971,-0.0626279367230777,0.17484404427413,0.487539830717105,0.97907999674198,0.532477567730169
"Q63270",0.0744187076158098,0.191558041307601,-0.110375388310672,-0.0331361818533295,0.16563612198573,0.50295611709241,0.968338925911827,0.446509059191619
"Q63355",0.117295700966422,-0.0443560220376224,-0.0849350792493238,-0.00531340099451647,0.197363377923598,0.43913100398949,0.968338925911827,0.40008153816201
"Q63362",0.293584291831827,0.324045244042461,0.0370184681151048,-0.234262148503047,0.257315516970043,0.612203417395923,0.968338925911827,0.0942188650870951
"Q63377",0.0775688206983282,0.0787897171862561,0.0029422345794692,-0.156361280529065,0.168431271002521,0.641257100634873,0.97907999674198,0.262275169186936
"Q63416",-0.0996309886259674,-0.329866969951462,0.337541584695694,0.00650756973140327,0.296811033767284,0.449927090606933,0.900387129373521,0.504362581469779
"Q63569",0.0707611946447987,-0.196755911906176,-0.0177286552282537,-0.0581808006057236,0.213732984928854,0.412335746873138,0.97907999674198,0.463756656261749
"Q63617",0.0770818343056765,0.211383113970532,0.0863816289976761,-0.235648168570332,0.187126120774096,0.501484947312754,0.997515780258928,0.210090754328962
"Q63638",0.106693901430575,0.0623189952944611,0.0294058297536164,0.123319784106551,0.336130453790791,0.612203417395923,0.97907999674198,0.607766865378418
"Q63704",-0.235108874088594,-0.0161635190397274,0.0525216544566105,0.130161361992178,0.233599334145378,0.412717579817069,0.968338925911827,0.157678050009307
"Q63716",-0.059435661829092,0.157410252383403,-0.0130627724258983,0.0728770041985945,0.2017246732661,0.383423975808567,0.97907999674198,0.394149583315423
"Q63797",0.0940916663155482,-0.0701875546031679,0.198178712589835,-0.251530089316771,0.136477062159689,0.350921970913199,0.968338925911827,0.0673507478135089
"Q63798",0.061892790970483,0.0211240937047823,0.103280199562991,-0.180054418182347,0.197505102362743,0.603797425254227,0.981946303808589,0.297040687654552
"Q63799",0.182358429429015,-0.021064719706813,-0.012296565490745,-0.148997144231459,0.207648574633345,0.448285361398284,0.968338925911827,0.219528278184502
"Q63862",0.221034537841132,-0.339826994679483,0.50154438546362,-0.415533009834976,0.627878694333983,0.470670482766689,0.97907999674198,0.348111341306586
"Q64057",0.0914092905165233,0.00412061223673976,-0.0307240203347426,-0.208234710495073,0.169727984704175,0.519359042442705,0.968338925911827,0.125480780823589
"Q64119",-0.247334999456724,-0.296230085164683,0.648334227090295,-0.116917264916818,0.510882788627426,0.618174246672675,0.968338925911827,0.560247166197079
"Q641Y2",-0.218031781730316,0.154550227093136,0.0686608898695319,-0.299587487853492,0.264408280204347,0.331761455946434,0.968338925911827,0.520124467959078
"Q641Z4",0.0303223413505664,0.131026022130424,-0.0600040169163309,-0.10134434656466,0.156010919304924,0.518028869424748,0.977167816460095,0.38930155513072
"Q641Z6",-0.0725334959566838,0.0387408624874281,-0.0216815648652832,0.128525406799278,0.222908151118637,0.521337277398492,0.97907999674198,0.317225173988035
"Q642A4",-0.112413320054682,0.166828529286864,-0.0325635155982988,-0.00552262192913355,0.159357249140886,0.331761455946434,0.977167816460095,0.440881524302691
"Q64428",-0.431703750422139,0.403422390142333,-0.247086791972,0.753416414362711,0.294207980210423,0.0594517464540517,0.968338925911827,0.0150283610578106
"Q64536",-0.247343030524301,0.142750526777613,-0.0444597833357276,-0.0445751720929827,0.292873207680139,0.331761455946434,0.968338925911827,0.385264292082402
"Q64560",0.213443971167799,-0.160015011803975,0.10025230516511,-0.152726125665147,0.147552973575315,0.18549421563207,0.968338925911827,0.113001895410554
"Q64591",-0.325329658446764,0.190892265528787,-0.376989177077604,0.536906668900576,0.198851425664981,0.0903410392056835,0.97907999674198,0.0118320028032185
"Q66H98",0.171757207216831,-0.14448157951233,-0.0551828100468332,-0.36478977892109,0.263168672854951,0.350921970913199,0.968338925911827,0.095396753785954
"Q66HD0",0.114869653296505,-0.0386575195925265,0.142698214686289,-0.274501461880573,0.165888973454448,0.412717579817069,0.981946303808589,0.0753230075868248
"Q66HF1",-0.0311179296314646,0.167832299619358,0.081915574202924,-0.0625299117458221,0.210153155879388,0.412717579817069,0.975230280804772,0.571462185649499
"Q66HG9",0.0593960217769498,-0.0156857506317772,-0.00912120097218783,0.0918124975980339,0.158751806366611,0.529813850717811,0.977167816460095,0.560247166197079
"Q68FP1",0.140440699102916,-0.300811665093072,0.304947446768455,-0.182836267143853,0.249190577009202,0.22361241769544,0.968338925911827,0.211136092247799
"Q68FQ0",0.369504643384294,-0.0236065351295119,-0.186845149295409,-0.149340939729799,0.324259050106505,0.349827722510423,0.846837930893662,0.151053722692599
"Q68FR6",-0.269105563910301,0.138458813748338,-0.1482364992067,0.28307850545962,0.318026389548381,0.340834682335586,0.97907999674198,0.130093423399953
"Q68FR9",0.169549759545857,0.149824712225892,-0.0827591009122421,-0.176731454613139,0.150688979853516,0.613544539774872,0.968338925911827,0.127153753117088
"Q68FS4",-0.034707911161867,-0.0400788307632783,-0.137071554011159,0.171688164373972,0.223691474655934,0.639265301156874,0.977167816460095,0.31235232038126
"Q68FT1",0.287156526963514,-0.290022315148911,0.145210285132951,-0.173353321522212,0.170997292462634,0.0392576199352104,0.968338925911827,0.0594630385351165
"Q68FU3",-0.202016078961507,0.134791751320921,-0.114996610896658,0.341203210194185,0.241887101169362,0.331761455946434,0.97907999674198,0.0775841283348681
"Q68FX0",0.0391951122048788,0.0230452541485628,-0.0910770867431924,0.010532283988166,0.14932607285478,0.613544539774872,0.968338925911827,0.561400697054695
"Q68FY0",-0.224114491606043,0.0521338839961874,-0.0696035991356588,0.300980807499583,0.235178793921808,0.359460179937206,0.968338925911827,0.0789143076986505
"Q6AXS5",-0.00251099250847499,0.0530409518490617,0.0354909473881734,-0.0788676956791419,0.163846279665841,0.590835416241188,0.980134370544289,0.4985283867496
"Q6AXV4",-0.281187329047307,0.16463209271241,-0.120663018368079,0.163174646577718,0.189907407879365,0.118912385060577,0.968338925911827,0.0753230075868248
"Q6AY30",0.034580237832503,0.0650237124175485,-0.0820934050691543,0.0642651735226053,0.232717187692119,0.612203417395923,0.977167816460095,0.580354685283996
"Q6AYH5",0.435090412529941,0.07966432914665,0.0137428028333079,-0.288343711758663,0.187479675947294,0.317311845820286,0.846837930893662,0.0549747028752738
"Q6NYB7",0.022995209633579,-0.134595310048139,0.223065909510073,-0.183851648842761,0.210514898776073,0.494415885571638,0.968338925911827,0.349591651667807
"Q6P0K8",-0.317129132500037,-0.0661287951609941,-0.239488640924527,-0.00310422397070291,0.333929696520373,0.45512920319878,0.97907999674198,0.306898462206044
"Q6P502",-0.0700765185319331,0.0597100029481447,-0.164361395914747,-0.031494216517921,0.210052398819809,0.491197276125284,0.977167816460095,0.562751598896444
"Q6P6R2",-0.365763952328298,-0.135770266434236,-0.461635630510118,0.098469760341379,0.405001840007102,0.50295611709241,0.97907999674198,0.248115188974649
"Q6P6V0",-0.0505820466260013,0.180216856641933,-0.0929048711504852,0.010477216017028,0.132495087702187,0.231708749531868,0.97907999674198,0.472604805145955
"Q6P747",0.634606264717164,0.111750742018765,0.0960195805230062,-0.461090552990285,0.309896340718911,0.245749614834219,0.846837930893662,0.0222848770547006
"Q6P9T8",0.00173181706910457,-0.0411023853624174,-0.125211056108481,0.212005942254142,0.244193104932423,0.603797425254227,0.975230280804772,0.330292224948455
"Q6PDU7",-0.0581594750957125,-0.128697405042339,-0.31436986790813,0.570353209666929,0.332158855369766,0.602766008849496,0.968338925911827,0.113001895410554
"Q6RUV5",0.400137663642073,0.125924567121237,0.127799071647657,-0.32707489323681,0.179682855722532,0.351028861272283,0.968338925911827,0.0502526909037085
"Q6UPE1",-0.216234805115397,0.118451898713843,-0.240616967851223,0.199656086623219,0.141828879579331,0.118806516910103,0.981946303808589,0.0470874248717287
"Q704S8",-0.475682040811884,0.34639045660628,-0.209765136357651,0.220871624289395,0.166955307921411,0.00972051994464069,0.887091995485099,0.0126076393149445
"Q71LX6",0.332975903929513,-0.0873071328520974,-0.211734066810254,0.009768712885005,0.186808328223892,0.238074199121718,0.842425843791675,0.203400429871062
"Q75Q39",0.0436373382165564,-0.0333641812713753,-0.392784166680465,0.0234818483039791,0.261841212304676,0.58654143448667,0.874264914370484,0.597541386895543
"Q78P75",0.380575685238502,0.145116699413702,0.153867658927672,-0.326771324483927,0.286274239651831,0.486514864280273,0.968338925911827,0.113001895410554
"Q7M0E3",-0.0666230392685465,-0.314125356522315,0.135168084911518,0.199023904322208,0.225284682731747,0.42714919153704,0.968338925911827,0.308614474280726
"Q7TPB1",0.0170408174722321,-0.0347453656420657,-0.138202497541189,-0.050217047968878,0.167906411986083,0.584084163814706,0.968338925911827,0.492519434612227
"Q7TQ16",-0.0962107804649237,0.0635068776909806,-0.215195022655251,0.370115482374059,0.260416459450426,0.491197276125284,0.977167816460095,0.124876887596582
"Q80W89",-0.292047213943498,0.199325213498273,0.246558514654416,0.0317467147357192,0.406256944689454,0.349827722510423,0.968338925911827,0.348469925767852
"Q811A2",-0.315769654938086,0.118908617231235,0.0693387076994842,0.470715390817347,0.430170241972116,0.442373734730627,0.968338925911827,0.185028182633702
"Q8CFN2",0.340977252274724,0.12325022919858,-0.0723590321107458,-0.0893355861025893,0.184340532180781,0.358971798163891,0.842425843791675,0.0753230075868248
"Q8CG45",0.197072099858119,-0.0375762360117057,-0.0383892804406973,0.00813406914557485,0.148956428966262,0.348490178173767,0.968338925911827,0.288615478058977
"Q8K4G6",0.154278322805625,-0.140098465580634,0.115259357478665,-0.0637222957836691,0.155415036748949,0.187421345522912,0.97907999674198,0.190438676673876
"Q8VBU2",0.100470543885838,-0.0140682077824328,-0.0235816876507682,0.0431096056574985,0.142158512935406,0.442373734730627,0.968338925911827,0.492519434612227
"Q8VHF5",0.0972709556122391,0.341968312707796,0.0169812645822434,0.408555474559886,0.31900862088577,0.452273586923539,0.97907999674198,0.295665208234377
"Q8VID1",-0.150261668894647,-0.0191555600474947,0.0732043649377452,0.236434260089858,0.209701747481532,0.491197276125284,0.968338925911827,0.117955083062742
"Q8VIF7",0.125205975829514,-0.135056102639293,0.16854025114902,-0.523429012272433,0.293374253349723,0.421606286760757,0.986903499063367,0.0800106868983976
"Q920F5",-0.319074048190738,0.283829811206024,-0.0310686947736398,0.534698509753722,0.374006055645506,0.273529248393806,0.968338925911827,0.0775841283348681
"Q920L2",0.12212451793165,-0.157319299735536,0.044672265856673,0.065249682801562,0.12728767856756,0.127558601970768,0.968338925911827,0.479605900604255
"Q924S5",0.149768705244611,0.0104085034184872,-0.285457777009236,-0.0410272418727456,0.173931324957074,0.442373734730627,0.842425843791675,0.262275169186936
"Q925F0",0.154232204629132,-0.0879504427357323,-0.0762658904711671,0.13466129175306,0.180554684782717,0.331761455946434,0.968338925911827,0.58685104307834
"Q99J82",0.124677075788141,0.0824171467998015,0.000166998932025847,-0.0461008192402604,0.150109226852982,0.602389740751263,0.968338925911827,0.317225173988035
"Q99NA5",-0.060720974019285,0.090391722985252,-0.120656349426892,0.112716891161602,0.171111697791995,0.421606286760757,0.97907999674198,0.288161205164568
"Q99PS8",0.421663541100676,-0.601727218787666,0.370313892604689,-0.222646735497657,0.314502082304869,0.0422538995062641,0.981946303808589,0.0942188650870951
"Q9EP80",-0.425568001235611,0.0731839172802708,0.187943164920912,0.164440919034431,0.330624669569179,0.312416601413436,0.842425843791675,0.124876887596582
"Q9EPX0",0.148188262078481,0.197696266697978,-0.145330414865164,-0.227512674786346,0.167277624747463,0.58654143448667,0.842425843791675,0.0775841283348681
"Q9EQP5",0.431544927772502,-0.464753450866397,0.814617596545492,-0.631588876813525,0.467816028367266,0.317311845820286,0.968338925911827,0.130093423399953
"Q9EQS0",0.113087819629409,0.0445552390587284,0.0073984140998069,-0.160332806207658,0.196457440175187,0.590319728589631,0.977167816460095,0.262275169186936
"Q9EQX9",-0.0213676054131019,-0.0199187370084692,-0.0154369038434203,0.00603970421099233,0.134277066301788,0.641257100634873,0.997515780258928,0.560247166197079
"Q9ER30",0.175864542502578,0.175680719455317,-0.1186368585086,-0.295678228033453,0.189251282694166,0.641257100634873,0.968338925911827,0.113001895410554
"Q9ER34",-0.131471986378016,0.102131785592668,-0.114477410052117,0.319750132804584,0.240870112441865,0.412717579817069,0.997515780258928,0.113001895410554
"Q9JJW3",-0.179665608152335,-0.0941469767094032,-0.191806365838895,0.345468038356449,0.34856140893412,0.599112627594555,0.997515780258928,0.166807927606172
"Q9JK11",0.255099318130043,-0.08048885575771,-0.186361111559966,0.0859049123918893,0.329028669227153,0.402437834831472,0.968338925911827,0.449779318809591
"Q9JLJ3",0.0365782238494999,0.0760386949038046,-0.0283372264929829,0.00807357917977784,0.134188461826302,0.58654143448667,0.977167816460095,0.559302692974939
"Q9JLZ1",0.0479261602691578,0.0259027594009113,-0.0846242756603362,0.0319835222287955,0.191169735723902,0.613791529040404,0.975230280804772,0.601566156440382
"Q9JM53",-0.161700544446256,-0.111689443679924,0.0299501834083084,0.33657030537706,0.241846365067654,0.602766008849496,0.968338925911827,0.0935829969155216
"Q9NQR8",-0.0571128271970017,0.220359846179864,-0.380139727446807,0.100228592412849,0.147228449261717,0.317311845820286,0.864016077514044,0.330996405002072
"Q9QWN8",0.0976316613095483,0.0753545488546268,0.097914543259296,-0.294340926746761,0.207689778389259,0.613544539774872,0.998698343043216,0.113001895410554
"Q9QX79",0.829275450938882,-0.875725673841602,0.569540022223746,-0.530314851900057,0.379051816675541,0.0148728551653299,0.968338925911827,0.0222848770547006
"Q9QY17",0.0839151855853442,0.124126439825986,-0.135429282562076,-0.134655785572801,0.161068546314296,0.602766008849496,0.968338925911827,0.267597902435204
"Q9QZ76",-0.16441909921057,-0.334807687553423,-0.55036586882066,0.215202652096219,0.511602939054616,0.574599841953287,0.968338925911827,0.364801684305716
"Q9R063",-0.0826395868810191,0.0135522309554892,-0.0656403187204826,0.169890571093946,0.178480053207854,0.514661092269763,0.997515780258928,0.186672237640379
"Q9R1Z0",0.0905832074586792,-0.0027008756269622,-0.0671982794017449,0.0947652514439843,0.140395619636608,0.484502529561874,0.968338925911827,0.607766865378418
"Q9WTT6",0.316414714705017,-0.373472301692985,0.346249257316134,-0.203891497448109,0.454524748332507,0.353249941830913,0.997515780258928,0.315903428740452
"Q9WTT7",-0.153321925853395,0.103056951059911,0.113252584926828,-0.0492057702656754,0.279372869481609,0.413964680032109,0.968338925911827,0.498855874735052
"Q9WU82",0.153688708943581,0.108387591729454,-0.0943654839361849,-0.155361440210735,0.189357317853311,0.602766008849496,0.968338925911827,0.213217404600875
"Q9WUH4",-0.0967280157073127,0.127424460104433,-0.264981882534897,-0.130682298520019,0.239658371840445,0.412717579817069,0.968338925911827,0.573590899506914
"Q9WUS0",0.175338083825556,-0.0875876720727325,0.061270420539585,-0.186594297673387,0.174523148219518,0.312416601413436,0.968338925911827,0.091704932701426
"Q9WVK7",-0.0518691958973162,0.00871498449626742,-0.176014130061302,0.237814931540469,0.172812937574608,0.569052208791085,0.968338925911827,0.135888041653732
"Q9Z0J5",-0.0818874717406145,0.00376696052191473,-0.0761979282371975,0.160493909536444,0.140716669250344,0.491824907993802,0.997515780258928,0.132173648979343
"Q9Z0V6",-0.096744780032762,-0.065290285116516,-0.16264302527036,-0.0885035486120993,0.189316753903371,0.603797425254227,0.97907999674198,0.607766865378418
"Q9Z0W7",-0.123012635772126,0.0451296182105382,-0.146899090285745,0.333521063118109,0.302277048573179,0.505910946955326,0.997515780258928,0.166807927606172
"Q9Z1H9",0.0900735239366831,-0.0709816269485537,0.0490394261530742,-0.106403862713797,0.155712092576895,0.43913100398949,0.97907999674198,0.290163973140855
"Q9Z1N4",-0.270557333438697,0.150337406140429,-0.0826586561212286,0.20727017376872,0.271182381402873,0.349827722510423,0.975230280804772,0.198370264073906
"Q9Z1P2",-0.0390405818020744,-0.0051669844891308,0.0399767722437313,-0.118456461653837,0.1789342468281,0.602766008849496,0.977167816460095,0.480479654468155
"Q9Z1Y3",-0.0906889871291224,0.0924826354171708,-0.0947607465683829,0.10553133178236,0.173010267915986,0.385491475114705,0.997515780258928,0.250925227235354
"Q9Z269",0.103434574314366,0.195334533477884,-0.150774677202596,-0.160290177866017,0.191546529134203,0.55956699937913,0.968338925911827,0.263002581009802
"Q9Z270",0.236572096013414,-0.0712851416912451,-0.138394099607405,0.055753267125636,0.210113000120891,0.359728951142889,0.968338925911827,0.385793491039487
"Q9Z2L0",0.0847357493799142,-0.0846087037971724,-0.119697010221055,0.132394694541043,0.136806446654997,0.348490178173767,0.898674516892433,0.506068790607951
"Q9Z327",0.227841160342377,-0.10940519950932,-0.0669821506930981,0.00499490638537714,0.166957888634,0.158024326052613,0.842425843791675,0.20656724115307
