"","cluster","Mean.of.log.A","Mean.of.log.B","Mean.of.log.C","Mean.of.log.D","isClusterMember","maxMembership","membership.of.cluster.1","membership.of.cluster.2","membership.of.cluster.3"
"Q9WTT7",1,-1.22255561673122,0.776823490992555,0.856334477189782,-0.410602351451118,FALSE,0.342543280903559,0.342543280903559,0.318671780473428,0.338784938623013
"P63102",3,-1.09658973936807,0.830429584823418,0.865356334646909,-0.599196180102253,FALSE,0.34500979975977,0.318646216177514,0.336343984062716,0.34500979975977
"Q7M0E3",1,-0.237751535202779,-1.30795600637204,0.634796914993558,0.910910626581266,FALSE,0.346210088133242,0.346210088133242,0.344360873395245,0.309429038471513
"P62959",3,-1.11147501524251,0.921737797086268,0.764578478326509,-0.57484126017027,FALSE,0.35052788717204,0.326328023795147,0.323144089032812,0.35052788717204
"P02564",1,-1.29124213047911,0.407225819378061,1.06495216321144,-0.180935852110383,FALSE,0.352608655869973,0.352608655869973,0.327599099325402,0.319792244804625
"P05765",3,-1.07423589883272,0.941039458988321,0.756377650063607,-0.623181210219205,FALSE,0.352784297464858,0.320436849465754,0.326778853069389,0.352784297464858
"P70567",3,-1.17907291834308,1.1033623798076,0.479167216325917,-0.403456677790437,FALSE,0.358485263487946,0.358212285116086,0.283302451395969,0.358485263487946
"P18422",3,0.587017403091773,-1.26481732298012,-0.303727981502697,0.981527901391041,FALSE,0.360391744314372,0.324785993495217,0.314822262190411,0.360391744314372
"P11960",2,0.768286653302108,-1.37327190516234,-0.110336827576684,0.715322079436916,FALSE,0.360582422326801,0.285785999281182,0.360582422326801,0.353631578392017
"P62859",3,-1.11086660411474,1.10454447503702,0.52562489384656,-0.519302764768848,FALSE,0.362559153055649,0.340981725557466,0.296459121386886,0.362559153055649
"P15865",2,0.845317841399481,-1.3509015407395,-0.155065561516922,0.660649260856937,FALSE,0.36385345711496,0.278840930943053,0.36385345711496,0.357305611941987
"O35244",3,-0.942600836699279,1.07903247663846,0.616578229663232,-0.753009869602413,FALSE,0.366686951273372,0.307553268368381,0.325759780358246,0.366686951273372
"Q641Y2",3,-0.658721981942087,1.04056760490572,0.648839467451583,-1.03068509041521,FALSE,0.368783785857799,0.269345539031891,0.36187067511031,0.368783785857799
"Q00715",1,-0.975486617619047,-0.704959089890594,1.10433424359156,0.57611146391808,FALSE,0.368983083962157,0.368983083962157,0.335235950861858,0.295780965175985
"Q5M9I5",1,-0.398721199682967,-1.20991980266353,0.600295332589979,1.00834566975651,FALSE,0.372475140896696,0.372475140896696,0.321062600195873,0.306462258907431
"P09456",1,-1.34882690856007,0.633020500223665,0.869646113221733,-0.15383970488533,FALSE,0.372891456692319,0.372891456692319,0.300804573107635,0.326303970200046
"Q4V8H8",2,-0.990376331329471,-0.511646859134656,1.31196408053452,0.19005910992961,FALSE,0.373048195622714,0.330116804724263,0.373048195622714,0.296834999653022
"P29410",1,0.283514062509728,-1.12256801478956,-0.389007210246928,1.22806116252676,FALSE,0.376820502620445,0.376820502620445,0.274112661381105,0.34906683599845
"P10111",1,-1.36070277118647,0.662923511492294,0.831368872284789,-0.133589612590614,FALSE,0.378218097144368,0.378218097144368,0.295158541936005,0.326623360919627
"P18421",3,-0.440627912416783,1.08405540743566,0.521989827727627,-1.1654173227465,FALSE,0.379002513371309,0.251785639731866,0.369211846896824,0.379002513371309
"P31044",3,0.518125805339752,-0.885899999569846,-0.785416238181077,1.15319043241117,FALSE,0.379204533863721,0.364719767061664,0.256075699074615,0.379204533863721
"Q66HG9",3,0.528687527373817,-0.899407350936142,-0.774546156980346,1.14526598054267,FALSE,0.379428130902085,0.362448025201228,0.258123843896687,0.379428130902085
"P02262",3,0.577205983689815,-0.966365457057812,-0.715708269372901,1.1048677427409,FALSE,0.379749742070877,0.351717223954012,0.268533033975112,0.379749742070877
"P21670",3,0.806086873086992,-1.15745324851011,-0.513082652636684,0.864449028059801,FALSE,0.379948488795611,0.307279635992272,0.312771875212117,0.379948488795611
"P29147",3,0.95994417584446,-1.19225678544614,-0.445112954347543,0.677425563949227,FALSE,0.380110894416683,0.282261601536409,0.337627504046908,0.380110894416683
"P52481",3,1.07812861879728,-1.17922044752121,-0.419543459353691,0.520635288077625,FALSE,0.380496516236364,0.264527671869008,0.354975811894628,0.380496516236364
"P84817",3,1.27805083523467,-1.07119723048097,-0.417853541909344,0.210999937155639,FALSE,0.382420089488834,0.235445620154807,0.382134290356359,0.382420089488834
"P97584",1,0.273803667752207,-1.08041827100116,-0.442982941768729,1.24959754501768,FALSE,0.382860045276235,0.382860045276235,0.267369222850856,0.349770731872909
"Q561S0",2,-0.29195595563046,1.03974319256994,0.507611610559439,-1.25539884749892,FALSE,0.384805909013163,0.237872676106271,0.384805909013163,0.377321414880566
"Q04462",1,0.252472592963566,-1.08498771672392,-0.424134765760787,1.25664988952114,FALSE,0.384854672310897,0.384854672310897,0.267212218158969,0.347933109530134
"A7VJC2",2,0.042521075344945,-1.4277086802381,0.677304391903939,0.707883212989214,FALSE,0.386109081668805,0.304296816018044,0.386109081668805,0.30959410231315
"P17074",3,-0.813618258900014,1.25221104136928,0.361139230622043,-0.799732013091312,FALSE,0.3875883314424,0.303576713444352,0.308834955113248,0.3875883314424
"Q80W89",1,-1.38860650766364,0.62745796325888,0.821252679826623,-0.0601041354218674,FALSE,0.387950814012966,0.387950814012966,0.289122704188075,0.32292648179896
"Q66HF1",3,-0.662154669272374,1.21595063242532,0.404890207329366,-0.958686170482312,FALSE,0.389032038596738,0.281663885892138,0.329304075511123,0.389032038596738
"P49134",3,-0.967114563069212,1.36650763374215,0.0427791298065462,-0.442172200479485,FALSE,0.389760584909885,0.352634998842366,0.257604416247749,0.389760584909885
"P36953",2,-1.04471145516165,0.0369296695476287,1.34037224682916,-0.332590461215135,FALSE,0.390641729212685,0.302679235238077,0.390641729212685,0.306679035549238
"P11661",3,1.01400127654449,-1.09525294190164,-0.579423152426748,0.660674817783897,FALSE,0.392191986426072,0.281567408894792,0.326240604679137,0.392191986426072
"P11598",1,0.301084560576599,-0.913710960535612,-0.664980992069462,1.27760739202847,FALSE,0.395161353758926,0.395161353758926,0.24732284949429,0.357515796746785
"Q5XIB3",1,-0.974203733132857,1.39661954883484,-0.285918554631725,-0.136497261070257,FALSE,0.396242433737484,0.396242433737484,0.219137117484358,0.384620448778158
"P21533",1,-1.1610071004706,1.27175679625698,0.064133344864941,-0.174883040651325,FALSE,0.397814922860936,0.397814922860936,0.238556284660716,0.363628792478348
"Q9Z327",3,1.4238473495347,-0.822864036512246,-0.540244687119878,-0.0607386259025733,FALSE,0.399134434878337,0.216930180635,0.383935384486663,0.399134434878337
"P63159",3,1.06262914289487,-1.01249703502632,-0.674840031796486,0.624707923927939,FALSE,0.402093894668545,0.278591277001643,0.319314828329812,0.402093894668545
"Q9Z2L0",3,0.657315623928304,-0.707989738599222,-0.990882103975011,1.04155621864593,FALSE,0.403221257498053,0.34836266265639,0.248416079845557,0.403221257498053
"P26453",1,-0.928217175921058,1.40351004597353,-0.404410893192759,-0.0708819768597153,FALSE,0.403426171082677,0.403426171082677,0.209872705696001,0.386701123221322
"Q5U2X7",3,0.483365463231436,-0.395542825484475,-1.18541193085588,1.09758929310892,FALSE,0.404271676992549,0.379702672072989,0.216025650934462,0.404271676992549
"P62246",3,0.484040352017557,0.884437145960691,0.0393324435093142,-1.40780994148756,FALSE,0.404460658552173,0.196156968191453,0.399382373256375,0.404460658552173
"P50463",1,-0.927625902520372,1.40167652612515,-0.413732844484173,-0.0603177791206025,FALSE,0.405093495327299,0.405093495327299,0.208774837462148,0.386131667210553
"P04642",2,0.20410079310017,0.947278036467618,0.260423790258789,-1.41180261982658,FALSE,0.405528395928839,0.206666282465421,0.405528395928839,0.387805321605739
"P52504",3,0.517196670869277,0.871657068685931,0.0155957366629745,-1.40444947621818,FALSE,0.406086057345962,0.194950981189368,0.39896296146467,0.406086057345962
"Q642A4",1,-0.990567498090708,1.3838391627856,-0.311600831676004,-0.0816708330188833,FALSE,0.406091957811861,0.406091957811861,0.214071945114869,0.37983609707327
"P85968",3,-0.670588273110441,1.37506139632225,-0.805765134932413,0.101292011720603,FALSE,0.406447491890058,0.406341944292444,0.187210563817498,0.406447491890058
"A0JPQ4",3,-0.798153063530559,1.41456579991769,-0.0149718595747129,-0.601440876812416,FALSE,0.40697234711544,0.326229584946467,0.266798067938093,0.40697234711544
"P62755",3,-0.0389407975291494,1.13744489013407,0.192821775989106,-1.29132586859402,FALSE,0.407077190621761,0.229193884247593,0.363728925130646,0.407077190621761
"P05197",3,-0.806680466134843,1.4533670266097,-0.441430446709359,-0.205256113765502,FALSE,0.407903980753339,0.373957077255367,0.218138941991294,0.407903980753339
"Q925F0",3,0.938465018048178,-0.908394733983895,-0.819289550219721,0.789219266155438,FALSE,0.408546067208244,0.300987720191042,0.290466212600714,0.408546067208244
"Q4V8F9",3,-0.735389850308153,1.42648327512408,-0.650130176291942,-0.0409632485239869,FALSE,0.408843861625569,0.390876740934347,0.200279397440083,0.408843861625569
"Q5BK63",2,-0.455949953851938,0.853808422374985,0.797056492788871,-1.19491496131192,FALSE,0.40964321773662,0.240334105431096,0.40964321773662,0.350022676832285
"Q63617",2,0.222054472732967,0.927367280055935,0.27089439680599,-1.42031614959489,FALSE,0.410068817606527,0.20476825368515,0.410068817606527,0.385162928708323
"P11980",3,0.372565811413721,-0.0700343380101918,-1.3367038965113,1.03417242310777,FALSE,0.412354817711975,0.393086662844984,0.194558519443041,0.412354817711975
"A2RRU1",2,1.42513530027703,-0.891863820107753,-0.391893607115268,-0.141377873054013,FALSE,0.412576365436337,0.208325980608716,0.412576365436337,0.379097653954947
"P60901",3,0.999758449581309,0.532449670126365,-0.244975702237386,-1.28723241747029,FALSE,0.413019466940268,0.178301413865778,0.408679119193955,0.413019466940268
"P12368",3,1.29099592677473,0.180253377604296,-0.405056218203893,-1.06619308617513,FALSE,0.413456476097549,0.175152817253796,0.411390706648655,0.413456476097549
"P07895",3,0.186338549751249,0.306350378860213,-1.41896038609356,0.9262714574821,FALSE,0.413877269368997,0.411368300571906,0.174754430059096,0.413877269368997
"O35567",1,-0.0794176151699813,-1.10234583661795,-0.144048226856943,1.32581167864488,FALSE,0.414079843250296,0.414079843250296,0.263159525002607,0.322760631747097
"P63031",3,1.49135080000615,-0.533609962008834,-0.606344815216201,-0.351396022781113,FALSE,0.41428404107255,0.200929633517977,0.384786325409474,0.41428404107255
"P69897",3,1.45289065868013,-0.680451397169984,-0.638967947908986,-0.133471313601158,FALSE,0.414505290866418,0.214110083662418,0.371384625471163,0.414505290866418
"P05503",1,-1.37323640326891,0.955518608862908,0.447565716305493,-0.0298479218994934,FALSE,0.415065556912047,0.415065556912047,0.252655406467507,0.332279036620446
"Q8CG45",3,1.47145046115324,-0.624139144658676,-0.631400254984229,-0.21591106151033,FALSE,0.415118528817656,0.208964254903223,0.375917216279121,0.415118528817656
"P16290",1,0.276918870971871,-0.0851212638009298,-1.29957590901914,1.1077783018482,FALSE,0.416265200827852,0.416265200827852,0.189277260686832,0.394457538485316
"P24473",1,0.152635238138068,0.345977209942306,-1.41821491756349,0.919602469483118,FALSE,0.416389664208285,0.416389664208285,0.172371280844701,0.411239054947013
"P30427",1,-0.0997799682730416,-1.09555903734175,-0.135602849207248,1.33094185482204,FALSE,0.416705387638097,0.416705387638097,0.261921200531893,0.321373411830009
"P19234",2,-0.238156280128961,0.891942444475275,0.656469030080836,-1.31025519442715,FALSE,0.416929907677067,0.225616113271096,0.416929907677067,0.357453979051837
"P28042",3,-0.345496218280398,1.13256573262833,-1.19608943263915,0.409019918291224,FALSE,0.418090503242336,0.414864950868643,0.167044545889021,0.418090503242336
"P97521",1,-1.22745452042076,1.21876589866509,0.0673019890263837,-0.0586133672707044,FALSE,0.418918277059578,0.418918277059578,0.229873349594302,0.35120837334612
"Q63638",3,0.615481757279154,-0.424605848803438,-1.19604580297424,1.00516989449853,FALSE,0.419116431182821,0.355077154226497,0.225806414590681,0.419116431182821
"P04041",2,-0.89616725763667,0.114745832657532,1.359836070356,-0.578414645376864,FALSE,0.42022467129974,0.274802828295233,0.42022467129974,0.304972500405027
"A2VD12",1,0.216387517496557,-0.735341273088526,-0.807714097180547,1.32666785277252,FALSE,0.421237230058319,0.421237230058319,0.22507854763568,0.353684222306001
"P47727",1,0.278093614538014,-0.410099019281359,-1.10569905628898,1.23770446103232,FALSE,0.421459274136507,0.421459274136507,0.204503650993288,0.374037074870205
"P62832",3,0.868105928023184,0.677624501556055,-0.228541849427491,-1.31718858015175,FALSE,0.421784108007324,0.184176069049852,0.394039822942824,0.421784108007324
"Q5XIF3",3,-0.686652950476595,1.46861271027439,-0.209384312977792,-0.572575446820001,FALSE,0.422653269960831,0.323007083716384,0.254339646322785,0.422653269960831
"O88989",3,1.31147261726968,-0.789297075492299,-0.771340675121424,0.249165133344046,FALSE,0.423622116067344,0.243798815151633,0.332579068781023,0.423622116067344
"P09812",2,0.521983767702376,0.793565524030845,0.127225906946887,-1.44277519868011,FALSE,0.423654874118437,0.189442130047777,0.423654874118437,0.386902995833785
"P36972",2,1.3113962630322,0.117479672727169,-0.36401312008419,-1.06486281567518,FALSE,0.424472485800577,0.172805769628896,0.424472485800577,0.402721744570527
"Q63377",2,0.694862044662732,0.705903448302105,0.0199626836487842,-1.42072817661362,FALSE,0.42564466518553,0.183081878977154,0.42564466518553,0.391273455837316
"P07632",2,0.856061508446359,0.604419080876901,-0.0839684894072711,-1.37651209991599,FALSE,0.425844651494454,0.178335413042283,0.425844651494454,0.395819935463263
"P19945",1,-0.828327352557475,-0.880047244076799,0.654038898391862,1.05433569824241,FALSE,0.425932714069031,0.425932714069031,0.282189519078224,0.291877766852746
"Q920L2",2,0.849139095726594,-1.44475511332672,0.213350213381282,0.382265804218844,FALSE,0.426094558737,0.246309957112384,0.426094558737,0.327595484150616
"Q6AXS5",2,-0.0734213683397524,0.875268942905072,0.57555811573419,-1.37740569029951,FALSE,0.426332181975211,0.214464180429209,0.426332181975211,0.35920363759558
"P35281",3,1.23436122770519,0.297701702767411,-0.438833020677535,-1.09322990979507,FALSE,0.426443852031333,0.177923904786874,0.395632243181793,0.426443852031333
"P0C1X8",3,1.26156448337688,0.258704159268722,-0.455241849003986,-1.06502679364161,FALSE,0.426572690143821,0.17800542292714,0.395421886929039,0.426572690143821
"Q505J9",1,0.219255643045472,-0.0307072213378385,-1.30530863973811,1.11676021803047,FALSE,0.428054767332359,0.428054767332359,0.183827067195993,0.388118165471648
"P11951",1,-1.3338251265102,1.07618450897424,0.250368839470242,0.00727177806572177,FALSE,0.428263447872713,0.428263447872713,0.235831719217143,0.335904832910145
"P50503",2,0.395563731917972,0.818380032248664,0.240658262947011,-1.45460202711365,FALSE,0.429352546779623,0.192935534023068,0.429352546779623,0.377711919197308
"P63255",2,-0.507323103447376,0.693138730723931,0.966553899924051,-1.15236952720061,FALSE,0.429541651472706,0.237590023636578,0.429541651472706,0.332868324890716
"P31211",2,-0.827431958207961,-0.314874259283705,1.45539821280822,-0.313091995316558,FALSE,0.432296095855693,0.275996914962665,0.432296095855693,0.291706989181642
"O08730",3,1.31416497032711,0.188825682305777,-0.519304842536431,-0.983685810096455,FALSE,0.432563478754016,0.179947155486666,0.387489365759318,0.432563478754016
"P17764",1,-0.135198790129031,0.794532316434377,-1.36240083730583,0.703067311000481,FALSE,0.433351887047847,0.433351887047847,0.160119343977828,0.406528768974325
"O35763",2,0.931859432282319,0.526071491956477,-0.0996382444133528,-1.35829267982544,FALSE,0.433956007851169,0.174821080278971,0.433956007851169,0.39122291186986
"O35094",3,-0.559064156125634,1.47833051977834,-0.260308296330563,-0.658958067322138,FALSE,0.434807475624375,0.306691605669964,0.25850091870566,0.434807475624375
"Q64536",1,-1.24867078177144,1.19984543131461,0.0247748078984623,0.0240505425583701,FALSE,0.434833694229583,0.434833694229583,0.221160129972345,0.344006175798072
"Q6P6V0",3,-0.519741286507428,1.40312411993121,-0.872347360577147,-0.0110354728466381,FALSE,0.434842908200069,0.371805783392217,0.193351308407715,0.434842908200069
"Q8VBU2",3,1.28786954342104,-0.705845774941151,-0.871441874673088,0.289418106193196,FALSE,0.435041419069566,0.248591757534954,0.31636682339548,0.435041419069566
"P84100",3,1.09399813885662,0.49619439153139,-0.412602437701228,-1.17759009268678,FALSE,0.435640626738009,0.181282784545844,0.383076588716146,0.435640626738009
"P04692",3,0.524222962694514,-0.0673417395369392,-1.3721812179802,0.915299994822626,FALSE,0.436979954785787,0.359676900274765,0.203343144939448,0.436979954785787
"P20070",2,-0.191187100684764,-1.26027754640786,1.12683903482903,0.324625612263595,FALSE,0.437226054385915,0.274302266158884,0.437226054385915,0.288471679455201
"P29266",3,0.750866432895612,0.820549850273136,-0.271790358440313,-1.29962592472843,FALSE,0.437926128298746,0.19207774419195,0.369996127509304,0.437926128298746
"Q63362",3,0.724123291047497,0.841146682965716,-0.261538704480694,-1.30373126953252,FALSE,0.437957710668214,0.193184278871097,0.368858010460688,0.437957710668214
"P68136",1,-0.723198133334644,1.31414364868263,-0.831850716539498,0.240905201191517,FALSE,0.438206883674984,0.438206883674984,0.176874054642884,0.384919061682131
"Q5BK81",1,-0.254565008206742,0.937158477241225,-1.29627414868664,0.613680679652157,FALSE,0.438389493983213,0.438389493983213,0.159272544943067,0.40233796107372
"P26284",3,-0.552048731231546,1.4596723736184,-0.730134478544469,-0.177489163842383,FALSE,0.438870828465079,0.354078259967833,0.207050911567088,0.438870828465079
"P02770",2,-0.676270590076743,-0.684859536878106,1.43795792471005,-0.0768277977552051,FALSE,0.439068668552427,0.275664498726123,0.439068668552427,0.285266832721451
"Q9NQR8",3,-0.10744274387748,0.959313640238656,-1.34933443681078,0.497463540449608,FALSE,0.440206921390084,0.392172923452943,0.167620155156972,0.440206921390084
"Q9R1Z0",3,0.788607483780401,-0.403282914781419,-1.22736601393943,0.842041444940444,FALSE,0.440385948710796,0.323683420130664,0.23593063115854,0.440385948710796
"P84245",2,-0.406534605662114,-1.06526978216782,1.29125155584021,0.180552831989725,FALSE,0.440620016148161,0.27476926828569,0.440620016148161,0.284610715566149
"P03889",3,0.719762247170447,0.855381381699331,-0.282732100463333,-1.29241152840645,FALSE,0.441671855602564,0.194169186889004,0.364158957508432,0.441671855602564
"P07633",1,-0.123189043717616,-0.958574743351368,-0.319598343138577,1.40136213020756,FALSE,0.442939201125991,0.442939201125991,0.238798460247699,0.31826233862631
"P62909",3,-0.503572307087162,1.49330088180059,-0.379352205420729,-0.610376369292696,FALSE,0.443817291813342,0.307011767631323,0.249170940555335,0.443817291813342
"P70615",2,-0.640979130536403,0.432830626234847,1.19497766292747,-0.986829158625919,FALSE,0.443826307976797,0.242833826823514,0.443826307976797,0.313339865199689
"P47942",2,0.0244119384073626,-1.37315030453493,0.9939898240482,0.354748542079372,FALSE,0.443925547573066,0.265442740636998,0.443925547573066,0.290631711789936
"P51650",1,-1.4585861305481,0.762822450486972,0.50374212932785,0.192021550733279,FALSE,0.446445867165602,0.446445867165602,0.241584899845104,0.311969232989294
"Q5XI32",3,0.651412122615601,0.920285644805855,-0.289049305200988,-1.28264846222047,FALSE,0.446547552237871,0.198231111871963,0.355221335890166,0.446547552237871
"Q5XIE6",3,-0.0131078844840037,0.86943634098686,-1.39699326880179,0.540664812298929,FALSE,0.446792298923225,0.384412080102434,0.168795620974341,0.446792298923225
"Q09073",3,-0.354854418232648,1.30594113195523,-1.07400519073979,0.122918477017206,FALSE,0.446952436698751,0.370205532687156,0.182842030614093,0.446952436698751
"P28023",2,1.38354195947944,-1.00752242593757,-0.190735825292979,-0.185283708248888,FALSE,0.447945037924797,0.200314676128426,0.447945037924797,0.351740285946777
"Q63159",2,-0.130838896665075,-1.27672199487876,1.12936727546149,0.278193616082341,FALSE,0.447999519449618,0.265927995589432,0.447999519449618,0.28607248496095
"O35987",3,1.23078203578623,-0.590533116303904,-1.00257844334928,0.362329523866952,FALSE,0.448876418122832,0.256979461681654,0.294144120195515,0.448876418122832
"B2RYW9",3,1.46113771367313,-0.228345988802215,-0.779256190055297,-0.453535534815621,FALSE,0.449978979381104,0.200028981335265,0.349992039283632,0.449978979381104
"P62961",2,-0.0420608702286597,0.769181843032893,0.671388237206508,-1.39850921001074,FALSE,0.450201070716912,0.206407969038939,0.450201070716912,0.343390960244149
"Q9Z270",3,1.30913657253346,-0.557502829597966,-0.964406451602326,0.212772708666834,FALSE,0.450699306342289,0.243616864311747,0.305683829345964,0.450699306342289
"B1PRL5",1,-0.598624199641864,1.2168847923014,-1.00544825159549,0.387187658935953,FALSE,0.450748999182534,0.450748999182534,0.165780397413338,0.383470603404128
"P63324",2,0.778820786981544,0.585460238589606,0.0662053739637651,-1.43048639953492,FALSE,0.450805619480422,0.175146499873507,0.450805619480422,0.374047880646072
"Q68FQ0",3,1.44245405902461,-0.10230459762413,-0.743762475483122,-0.596386985917363,FALSE,0.451269811684422,0.193814718286746,0.354915470028832,0.451269811684422
"Q5I0G4",3,-0.462478175903775,1.45957722939435,-0.780192019109558,-0.216907034381021,FALSE,0.451334814232661,0.34057703380405,0.208088151963289,0.451334814232661
"Q9QZ76",1,0.136490781795837,-0.389930970855571,-1.05590582682842,1.30934601588815,FALSE,0.452418244777733,0.452418244777733,0.194632742884247,0.35294901233802
"P43278",1,-0.963887213220377,-0.728990950287461,0.615597798240325,1.07728036526751,FALSE,0.452531019693541,0.452531019693541,0.262935116702842,0.284533863603616
"P97700",3,-0.426712462367446,1.42728412175252,-0.874588305954145,-0.12598335343093,FALSE,0.452765396184522,0.347005130576864,0.200229473238614,0.452765396184522
"P22062",3,1.14657519362804,-0.53258482332431,-1.08584903662484,0.471858666321115,FALSE,0.453616577856049,0.269096489226876,0.277286932917075,0.453616577856049
"P85972",3,-0.131208127839539,1.38375864101433,-0.249741687977783,-1.00280882519701,FALSE,0.453703552456538,0.255025218485353,0.291271229058109,0.453703552456538
"Q63355",3,1.39227254303094,-0.458228086993823,-0.922754969482947,-0.0112894865541733,FALSE,0.454417727232847,0.226645071505523,0.31893720126163,0.454417727232847
"P04897",2,0.543085071588938,0.686756616838447,0.24448844854177,-1.47433013696915,FALSE,0.454613929879658,0.18159454346839,0.454613929879658,0.363791526651952
"P62902",2,0.401115764156966,0.729811617110601,0.347493804659624,-1.47842118592719,FALSE,0.454647167172839,0.186641540778171,0.454647167172839,0.35871129204899
"Q99J82",3,1.09036734729641,0.544325182035761,-0.518432137010402,-1.11626039232177,FALSE,0.454732797928512,0.185288750907044,0.359978451164444,0.454732797928512
"P0C219",1,-1.13701153338653,1.27059721987052,-0.271566999309857,0.137981312825867,FALSE,0.455704583061048,0.455704583061048,0.198391694760983,0.345903722177969
"Q9JK11",3,1.2227388271462,-0.511854447958883,-1.05908857962475,0.348204200437434,FALSE,0.457086698272273,0.256640864021652,0.286272437706075,0.457086698272273
"P08050",1,-0.978378067259696,1.31207002382211,-0.531245106405444,0.197553149843033,FALSE,0.457501398816891,0.457501398816891,0.185301681371507,0.357196919811602
"P97576",3,-0.41524343848193,1.45575237198778,-0.809242786496914,-0.231266147008938,FALSE,0.457561288959486,0.334289539051791,0.208149171988723,0.457561288959486
"O35854",2,0.56501459940382,-1.48672793406183,0.611887817919841,0.30982551673817,FALSE,0.457806455684084,0.241367158881557,0.457806455684084,0.300826385434359
"P51868",2,-0.723653157350259,-0.0748389075157923,1.43653347016468,-0.638041405298633,FALSE,0.458207512862458,0.250843666929804,0.458207512862458,0.290948820207739
"P41350",2,0.912081265139484,0.475559919216882,0.00588523913774426,-1.39352642349411,FALSE,0.458294027438578,0.170140020833348,0.458294027438578,0.371565951728074
"P14942",2,0.336376881504514,-1.46055795663105,0.808798364835442,0.31538271029109,FALSE,0.458794132615845,0.248144606174411,0.458794132615845,0.293061261209743
"Q3T1J1",2,0.133852908035827,-1.39670067734223,0.973416847081542,0.289430922224862,FALSE,0.459045212905324,0.253325333067087,0.459045212905324,0.287629454027589
"Q6AY30",3,0.202489343231166,0.638563536443384,-1.46875105856131,0.627698178886762,FALSE,0.459290256507636,0.365698561904214,0.17501118158815,0.459290256507636
"Q71LX6",3,1.38185932450224,-0.421500227695758,-0.955394009425395,-0.00496508738108957,FALSE,0.459367895343677,0.227529193687167,0.313102910969155,0.459367895343677
"Q6P502",3,-0.199521122275059,1.19863077330491,-1.21522428261858,0.216114631588723,FALSE,0.459402183685174,0.362733770315108,0.177864045999718,0.459402183685174
"P18420",2,-0.49823678514149,0.469226792514345,1.1394862257753,-1.11047623314816,FALSE,0.459788753536785,0.228352819189989,0.459788753536785,0.311858427273227
"P01048",2,-0.234854167949298,-1.16404835271534,1.25233950454475,0.146563016119883,FALSE,0.460041318544355,0.259427563052027,0.460041318544355,0.280531118403618
"P00564",1,0.0697923341499883,-0.5303866931005,-0.911575274901173,1.37216963385168,FALSE,0.460852153199391,0.460852153199391,0.200123951231021,0.339023895569589
"P16617",3,1.44150893865508,-0.227663629122814,-0.865293545169259,-0.348551764363002,FALSE,0.460931319554742,0.206445149084603,0.332623531360654,0.460931319554742
"Q9ER30",3,0.82354919357449,0.822758894481269,-0.442582521895795,-1.20372556615996,FALSE,0.461092504443946,0.193979708431264,0.344927787124791,0.461092504443946
"Q63416",2,-0.28212840642109,-1.1120391858465,1.29370795495053,0.100459637317061,FALSE,0.462488617945755,0.258292849964375,0.462488617945755,0.27921853208987
"P09605",1,-0.323820337210932,-0.93316928265902,-0.157101787206282,1.41409140707623,FALSE,0.462525892321576,0.462525892321576,0.234494213818545,0.302979893859879
"P62278",3,1.2816891397975,0.29733937581988,-0.684165508538103,-0.894863007079282,FALSE,0.464495226809325,0.186975604088311,0.348529169102365,0.464495226809325
"P02091",2,0.338914789154833,-1.45270270342468,0.834859658407572,0.278928255862271,FALSE,0.465567503504539,0.244100383167655,0.465567503504539,0.290332113327806
"P00388",3,0.514969083728862,0.229720745753188,-1.4688743832705,0.724184553788447,FALSE,0.466379723334369,0.339427399172771,0.19419287749286,0.466379723334369
"Q62871",3,0.962484821604179,-0.297392334120914,-1.27169659361495,0.606604106131684,FALSE,0.466473227516736,0.29044029250316,0.243086479980105,0.466473227516736
"P29975",2,1.10918964351926,0.277930085793798,-0.0892409793006588,-1.2978787500124,FALSE,0.466945455268491,0.164781094008027,0.466945455268491,0.368273450723482
"P09650",2,0.155209512015489,-1.39151144105516,0.989220154105079,0.247081774934592,FALSE,0.467097761449658,0.2478923028037,0.467097761449658,0.285009935746642
"P82995",2,0.227873108522762,0.709255224846857,0.532916266433469,-1.47004459980309,FALSE,0.467309845892592,0.190088666330778,0.467309845892592,0.34260148777663
"P62425",3,-0.191363535544085,1.24601246613443,-1.18104105071426,0.126392120123924,FALSE,0.467923891972092,0.349749973720332,0.182326134307576,0.467923891972092
"B2GV06",1,-1.18192824376596,-0.462874308116883,0.688041155121545,0.956761396761301,FALSE,0.468182590684324,0.468182590684324,0.252879668507003,0.278937740808673
"Q8CFN2",3,1.31692765310314,0.236327759687733,-0.734499581519243,-0.818755831271628,FALSE,0.468376583018667,0.188964662009751,0.342658754971582,0.468376583018667
"P24368",1,-1.4430022988271,0.864617951322675,0.327375528183355,0.251008819321069,FALSE,0.468411540101387,0.468411540101387,0.2228930034352,0.308695456463414
"P18292",2,0.21592647509952,0.699674793030934,0.553304726480143,-1.4689059946106,FALSE,0.469881824347638,0.189884811890584,0.469881824347638,0.340233363761778
"P01835",3,0.7931401985088,-0.098169091674018,-1.37699976781216,0.682028660977373,FALSE,0.469901122034826,0.309170672282579,0.220928205682594,0.469901122034826
"P27605",1,-1.00863580265014,1.28602590868172,-0.51969278552188,0.242302679490303,FALSE,0.470042929447855,0.470042929447855,0.181799164875008,0.348157905677137
"Q4FZT0",3,-0.101062880755208,1.14380902298892,-1.27563676986251,0.2328906276288,FALSE,0.470360806328413,0.351919861082714,0.177719332588873,0.470360806328413
"P49432",1,-0.94148888357518,1.286659476516,-0.618979015333235,0.273808422392411,FALSE,0.470877913672506,0.470877913672506,0.17701138737956,0.352110698947934
"Q5RKI1",3,0.970571046673791,-0.255144250833634,-1.28964030077299,0.57421350493283,FALSE,0.471321269626811,0.287168467008143,0.241510263365046,0.471321269626811
"P97519",3,0.530300241364083,0.253968638566871,-1.47535711943162,0.691088239500664,FALSE,0.471599085398399,0.333897229689086,0.194503684912515,0.471599085398399
"Q64119",2,-0.554223089772288,-0.665148226006098,1.47772407908167,-0.25835276330328,FALSE,0.472122342074786,0.251110093521626,0.472122342074786,0.276767564403588
"Q497B0",1,-1.49634960166187,0.546496270632869,0.549656246529284,0.400197084499716,FALSE,0.473081215325954,0.473081215325954,0.232693099487864,0.294225685186182
"P61589",2,0.712226854361772,0.554183540177929,0.198574782058425,-1.46498517659813,FALSE,0.47380590033221,0.171771755899927,0.47380590033221,0.354422343767863
"Q6AYH5",2,1.26295495769411,0.0660884198564188,-0.155896607850569,-1.17314676969996,FALSE,0.474143901657144,0.162427631110799,0.474143901657144,0.363428467232057
"P05708",3,0.663934423173226,0.102686383812382,-1.44509966164471,0.6784788546591,FALSE,0.474681109734392,0.319555796615375,0.205763093650233,0.474681109734392
"P62804",1,-0.504603414100624,-0.897247365161814,0.00892475504739636,1.39292602421504,FALSE,0.474751888802973,0.474751888802973,0.233428739017414,0.291819372179613
"P47967",2,-0.262263297400804,-1.08312695573393,1.32577111524864,0.0196191378860915,FALSE,0.475387607164369,0.249448657698988,0.475387607164369,0.275163735136643
"P02563",1,-0.0268127992003775,-0.583794186585127,-0.806461989563737,1.41706897534924,FALSE,0.475971602895728,0.475971602895728,0.199117880265012,0.32491051683926
"P24329",3,1.3958620723858,0.00698201191704674,-0.885180802422439,-0.517663281880403,FALSE,0.476198942438488,0.199781910777543,0.324019146783969,0.476198942438488
"Q68FR9",3,0.90059753273327,0.785676656182459,-0.569389075412065,-1.11688511350366,FALSE,0.476448776346898,0.194195837023744,0.329355386629359,0.476448776346898
"P16086",3,0.619749276032991,1.02406388373118,-0.493164169485221,-1.15064899027895,FALSE,0.477784784462936,0.206177080346511,0.316038135190553,0.477784784462936
"P63088",3,0.934382364507242,0.756314980122834,-0.594661125585992,-1.09603621904408,FALSE,0.478356535213503,0.19350405081328,0.328139413973217,0.478356535213503
"Q07803",3,0.581068542455019,0.245833264796872,-1.47647537546803,0.64957356821614,FALSE,0.478578882302615,0.324006111119506,0.197415006577879,0.478578882302615
"P52296",3,1.06900658844428,-0.249744808240528,-1.26381398299482,0.444552202791067,FALSE,0.47860988897022,0.270999719627735,0.250390391402045,0.47860988897022
"P06685",3,1.23837068282774,-0.29885241435084,-1.15378325587032,0.214264987393416,FALSE,0.478681346187433,0.24671310473804,0.274605549074527,0.478681346187433
"Q9EP80",1,-1.47768015573614,0.254113142835235,0.652586389022513,0.570980623878396,FALSE,0.479382505992325,0.479382505992325,0.236613259133877,0.284004234873798
"P80299",1,-0.402198266828379,0.94945407749547,-1.21888687718545,0.671631066518356,FALSE,0.479866622435188,0.479866622435188,0.151633481851807,0.368499895713005
"Q9EQS0",2,0.96281907097593,0.373201605640607,0.0535242672162572,-1.38954494383279,FALSE,0.481239885581498,0.16397258410393,0.481239885581498,0.354787530314571
"Q499N5",2,0.93442879400088,0.393438371070514,0.0744543483902053,-1.4023215134616,FALSE,0.481850448656301,0.164401528385576,0.481850448656301,0.353748022958123
"Q9WU82",3,0.997586224122385,0.697510786382722,-0.645529334368543,-1.04956767613656,FALSE,0.482246620881104,0.19253843934333,0.325214939775566,0.482246620881104
"B2RZ37",1,-0.768871365806504,1.22016864286676,-0.865254255166871,0.413956978106619,FALSE,0.482704125370445,0.482704125370445,0.162877863179391,0.354418011450164
"P27791",2,1.31266645071091,-0.0488858080404664,-0.144065449810621,-1.11971519285982,FALSE,0.485719217926229,0.160329335511257,0.485719217926229,0.353951446562514
"P35745",3,0.245427297553332,0.772124161305991,-1.46425577512131,0.446704316261984,FALSE,0.485889890734297,0.335603247720302,0.1785068615454,0.485889890734297
"Q5XI78",1,-1.33718615888379,1.06819085482938,0.00273605415657945,0.266259249897831,FALSE,0.486101853724687,0.486101853724687,0.200203027163356,0.313695119111957
"Q62812",1,-0.573863282897392,-0.849657553892745,0.0278170043367933,1.39570383245334,FALSE,0.486280917339981,0.486280917339981,0.227588578353538,0.286130504306481
"Q64057",2,1.01103552060703,0.317593365785639,0.0407792637679587,-1.36940815016063,FALSE,0.486885843911136,0.16181364473495,0.486885843911136,0.351300511353914
"Q4V8C3",1,-0.237881180454806,-0.764413941803177,-0.462383993494748,1.46467911575273,FALSE,0.487022819745604,0.487022819745604,0.20978237560455,0.303194804649846
"Q9Z0V6",3,0.156915544469417,0.910384966932221,-1.42162872758755,0.354328216185911,FALSE,0.4876928527411,0.3346177222901,0.177689424968799,0.4876928527411
"P0C546",3,-0.0795023719852119,1.43858518905403,-0.696847113623465,-0.66223570344535,FALSE,0.489144275553538,0.270692784274552,0.240162940171909,0.489144275553538
"P39069",3,1.36375565813091,-0.0142224239084874,-1.01340230072908,-0.336130933493338,FALSE,0.489868108014802,0.209550874837186,0.300581017148011,0.489868108014802
"P08461",3,-0.100312481450952,1.30220859596137,-1.13569708419768,-0.0661990303127416,FALSE,0.490309752541068,0.317292469601418,0.192397777857514,0.490309752541068
"P04797",1,-0.0350871227090812,-0.394646204325311,-0.957883928264705,1.3876172552991,FALSE,0.491114850779596,0.491114850779596,0.18409608075829,0.324789068462114
"Q75Q39",3,0.65187587361257,0.275583114885024,-1.48083856030799,0.553379571810401,FALSE,0.492305045347033,0.306979359191841,0.200715595461126,0.492305045347033
"Q641Z4",3,0.293785731801982,1.26947900729869,-0.58136420987469,-0.981900529225986,FALSE,0.492441676120933,0.230218789175044,0.277339534704023,0.492441676120933
"Q5M7W5",3,-0.119111695683569,1.43152243122662,-0.850299370077205,-0.46211136546585,FALSE,0.49248120813606,0.286475375671055,0.221043416192885,0.49248120813606
"P38650",3,0.616508841843383,0.325109178337739,-1.48837930793847,0.546761287757353,FALSE,0.49297942064048,0.309222893910153,0.197797685449367,0.49297942064048
"P62632",3,0.404357095902588,0.605880660403707,-1.49484454777292,0.484606791466622,FALSE,0.493119421001765,0.322327697672222,0.184552881326013,0.493119421001765
"P21807",2,1.00755050479956,-1.36243020192858,0.358625009979302,-0.00374531285027488,FALSE,0.4950410410359,0.20462222076483,0.4950410410359,0.30033673819927
"P14669",3,0.813613811530261,0.898666695863747,-0.676587382052196,-1.03569312534181,FALSE,0.496352749827303,0.20099514691857,0.302652103254127,0.496352749827303
"Q9EPX0",3,0.733756168975377,0.968231710595509,-0.656381674004518,-1.04560620556637,FALSE,0.496468061326949,0.204362313497874,0.299169625175177,0.496468061326949
"Q02874",2,-0.533725672832341,-0.103696713637454,1.43702024004486,-0.799597853575069,FALSE,0.496910219758603,0.224470220625962,0.496910219758603,0.278619559615435
"Q63258",3,-0.022590897976474,1.41878602133826,-0.775089333105415,-0.621105790256365,FALSE,0.497048421634066,0.268518379572568,0.234433198793366,0.497048421634066
"P52944",1,-1.44365824616963,0.102084773359653,0.618251625094375,0.7233218477156,FALSE,0.497054675662727,0.497054675662727,0.228329192626896,0.274616131710377
"Q63716",1,-1.03152423066447,1.23056444746227,-0.547772491684534,0.348732274886734,FALSE,0.497851391637798,0.497851391637798,0.171630055493169,0.330518552869033
"Q63569",2,1.08833269661863,-1.31313750315304,0.293969524138996,-0.0691647176045851,FALSE,0.498835649929581,0.198982656887425,0.498835649929581,0.302181693182994
"P20760",2,-0.425005494225083,0.192563413252777,1.28994907569098,-1.05750699471867,FALSE,0.49956219568132,0.213157953204383,0.49956219568132,0.287279851114296
"Q5XIJ4",3,-0.0599735127030101,1.36722739659608,-1.0228396619972,-0.284414221895869,TRUE,0.500181551163398,0.293903924100971,0.20591452473563,0.500181551163398
"P07943",1,-0.125686974479761,0.357383505041906,-1.30530994470434,1.07361341414219,TRUE,0.500564232586736,0.500564232586736,0.152930622484892,0.346505144928372
"Q6P9T8",1,-0.0705650788581804,-0.369115111915813,-0.95534398992083,1.39502418069482,TRUE,0.500810634036573,0.500810634036573,0.180092251731409,0.319097114232018
"P60711",1,-1.4128422908071,0.00773150552204512,0.611317446405478,0.793793338879579,TRUE,0.501325922607039,0.501325922607039,0.227073176536668,0.271600900856293
"Q9WUH4",3,-0.0336824751812279,1.34252933362082,-1.06669787046599,-0.242148987973597,TRUE,0.502632923473407,0.294650764482752,0.202716312043841,0.502632923473407
"P40329",3,0.833153665601106,0.17506641758682,-1.44404430814057,0.435824224952646,TRUE,0.503427374314743,0.282172620441853,0.214400005243404,0.503427374314743
"P25113",1,-0.141336993026551,0.370009394473594,-1.30113259623787,1.07246019479083,TRUE,0.504458503834024,0.504458503834024,0.151694012590519,0.343847483575457
"P16036",3,0.283966300393445,0.864276513238112,-1.44393703940052,0.295694225768959,TRUE,0.504837278374999,0.313025175021976,0.182137546603025,0.504837278374999
"Q63799",2,1.33413545605744,-0.154109626414114,-0.0899617531270758,-1.09006407651625,TRUE,0.505654943062629,0.156395197148692,0.505654943062629,0.337949859788679
"Q9JLZ1",3,0.702725020507606,0.339677523977319,-1.48231916118297,0.439916616698041,TRUE,0.506448795126145,0.291050682632974,0.202500522240881,0.506448795126145
"Q5SGE0",3,0.634521771705035,1.06257116815456,-0.729671723708569,-0.967421216151024,TRUE,0.50824605976472,0.211641189598823,0.280112750636457,0.50824605976472
"P17475",2,-0.188431950503736,-1.02019779232277,1.37674510675709,-0.168115363930579,TRUE,0.508664512181654,0.227452181948039,0.508664512181654,0.263883305870307
"P36970",3,0.145448674848607,1.10005973174975,-1.3274057746853,0.0818973680869483,TRUE,0.509143650865285,0.305084380498242,0.185771968636473,0.509143650865285
"P12749",3,0.956313917933676,0.769484222618582,-0.817247616079122,-0.908550524473136,TRUE,0.509145131872934,0.198889686526491,0.291965181600574,0.509145131872934
"P62630",1,-0.729133141911815,1.13331515503016,-0.944479069125027,0.540297056006682,TRUE,0.509305607076681,0.509305607076681,0.152446399326913,0.338247993596406
"P0C2X9",1,-1.00280094333105,1.20795752930497,-0.609620827231152,0.404464241257241,TRUE,0.509902374851709,0.509902374851709,0.165239566699801,0.32485805844849
"P08733",1,-0.0757050126924025,-0.069497985273342,-1.14782810279411,1.29303110075986,TRUE,0.510114645276363,0.510114645276363,0.164224386455487,0.32566096826815
"O88767",3,0.612427601145557,0.487241450032504,-1.49399875697727,0.394329705799209,TRUE,0.511337768923198,0.29308241614102,0.195579814935781,0.511337768923198
"Q6P747",2,1.2051817455036,0.036715690593303,0.00156003589687326,-1.24345747199378,TRUE,0.512919389223139,0.153851854001303,0.512919389223139,0.333228756775559
"P05964",2,0.646413874375567,-1.42297098946132,0.745897201961113,0.0306599131246435,TRUE,0.513414993155896,0.209006919073675,0.513414993155896,0.277578087770429
"O88600",2,1.34706824505792,-0.212309343460355,-0.0691360346563616,-1.06562286694121,TRUE,0.514020553161927,0.154899743851618,0.514020553161927,0.331079702986455
"P38652",1,-1.20368817884026,1.14723154066156,-0.31338614506162,0.369842783240312,TRUE,0.514061285842931,0.514061285842931,0.176150827700958,0.309787886456111
"P10760",3,0.672820866833128,1.03756531575136,-0.791711401350385,-0.918674781234098,TRUE,0.515087582748048,0.211156266033974,0.273756151217977,0.515087582748048
"P45953",1,-1.13707370631782,1.1744480942933,-0.423061177926636,0.38568678995115,TRUE,0.515567707270586,0.515567707270586,0.171071237537273,0.313361055192142
"Q9Z1P2",2,-0.125135311419987,0.381364953744286,1.05638404145626,-1.31261368378056,TRUE,0.517874172677225,0.190959878131537,0.517874172677225,0.291165949191238
"P63029",3,0.841328519368094,0.306937173861929,-1.45125850542196,0.302992812191932,TRUE,0.518538736392381,0.269169744131107,0.212291519476512,0.518538736392381
"P62828",3,1.08615610447503,0.150545905438982,-1.33699031518311,0.100288305269096,TRUE,0.51904177713358,0.242558783982905,0.238399438883515,0.51904177713358
"P53987",3,0.190682500449899,1.32298080922427,-0.940915406047772,-0.572747903626395,TRUE,0.51912259518686,0.254183674989812,0.226693729823329,0.51912259518686
"Q9Z269",3,0.591584816793317,1.10202872335531,-0.82038059221885,-0.873232947929777,TRUE,0.519160706967271,0.216707672280599,0.26413162075213,0.519160706967271
"Q5RKI0",1,-1.30284284624402,1.05927134854635,-0.152878765508441,0.396450263206107,TRUE,0.521240821259296,0.521240821259296,0.180360661719648,0.298398517021056
"P04785",3,0.329939307396937,0.951239594020021,-1.40399419246906,0.1228152910521,TRUE,0.522346554690616,0.29035632648696,0.187297118822424,0.522346554690616
"Q9QY17",3,0.7153134665451,1.00461041382569,-0.862744374132729,-0.857179506238064,TRUE,0.522658687171815,0.210839574931313,0.266501737896872,0.522658687171815
"P62856",2,-0.152396877788254,0.328294406581949,1.10652350483537,-1.28242103362907,TRUE,0.52302724076899,0.190793009154686,0.52302724076899,0.286179750076324
"Q3T1K5",1,-1.48313368681763,0.33006314771966,0.461237933334557,0.691832605763415,TRUE,0.523495082880199,0.523495082880199,0.20796108515544,0.268543831964361
"P04639",2,0.677884923135875,0.414986278887402,0.39459433666685,-1.48746553869013,TRUE,0.524048415503645,0.160210523372439,0.524048415503645,0.315741061123917
"B0LPN4",2,1.3042496787138,-0.162345425779799,-0.0139045176986983,-1.1279997352353,TRUE,0.525589881687368,0.151503299832741,0.525589881687368,0.322906818479891
"P07335",2,1.30871692608124,-1.0524628671515,0.142750109932985,-0.399004168862721,TRUE,0.525747598771852,0.174120219516,0.525747598771852,0.300132181712148
"Q68FX0",3,0.743791286290024,0.469361573366731,-1.46988526953728,0.256732409880524,TRUE,0.525790822836054,0.270444327214407,0.203764849949539,0.525790822836054
"P11507",2,1.0836554678088,0.14055272727641,0.114735948645809,-1.33894414373102,TRUE,0.525842426678845,0.151649855066078,0.525842426678845,0.322507718255077
"P23693",1,-0.187491861704529,-0.393516382974135,-0.858670879114588,1.43967912379325,TRUE,0.526250768824526,0.526250768824526,0.174288819681188,0.299460411494286
"P20767",2,-0.402545986448142,-0.323937810460321,1.47435207979616,-0.747868282887699,TRUE,0.52670073691951,0.210161787796293,0.52670073691951,0.263137475284197
"P07150",2,1.28290451090511,-1.08985116702453,0.175268888033425,-0.368322231914007,TRUE,0.527033726194232,0.175382711123653,0.527033726194232,0.297583562682115
"Q7TPB1",3,1.0624155063188,0.260068023185278,-1.34284156388093,0.0203580343768552,TRUE,0.52794194646782,0.23742741621114,0.23463063732104,0.52794194646782
"P00406",1,-1.47943676495414,0.663095302679733,0.2696702138964,0.546671248378007,TRUE,0.528195018474398,0.528195018474398,0.196181775802225,0.275623205723377
"P15651",1,-0.890769242129233,-0.619910917672807,0.171746326157539,1.3389338336445,TRUE,0.528420553486438,0.528420553486438,0.208370931059818,0.263208515453744
"P68511",1,-0.798055082617286,-0.660698360641532,0.0726404894765839,1.38611295378223,TRUE,0.52878428035492,0.52878428035492,0.205877994118678,0.265337725526402
"Q62930",2,-0.0184667811548216,-1.11079712957078,1.31568795357381,-0.186424042848207,TRUE,0.528901664281262,0.213951437980921,0.528901664281262,0.257146897737817
"Q6PDU7",1,-0.196347107405575,-0.379932981038088,-0.86317428582984,1.4394543742735,TRUE,0.529530943616843,0.529530943616843,0.172675499072782,0.297793557310375
"Q924S5",3,1.05442180351119,0.286468994771267,-1.34392001219493,0.0030292139124756,TRUE,0.529923992182399,0.236441507468572,0.233634500349029,0.529923992182399
"P68035",1,-0.261905544270804,-0.498690591813308,-0.713653470739271,1.47424960682338,TRUE,0.530182989714719,0.530182989714719,0.179164057912672,0.290652952372609
"P62083",2,1.03259857425831,0.175598603543809,0.161745750585979,-1.3699429283881,TRUE,0.530549583800869,0.151139092770678,0.530549583800869,0.318311323428453
"Q5I0C3",1,-0.621357185331289,-0.687884989422374,-0.146525576314565,1.45576775106823,TRUE,0.530710157974251,0.530710157974251,0.198996160806959,0.27029368121879
"P97541",1,-0.97693066423971,-0.559802028816361,0.243268983723973,1.2934637093321,TRUE,0.531058085703342,0.531058085703342,0.208396109434602,0.260545804862056
"P61206",2,0.28526642814357,0.454508253382566,0.734289280721871,-1.47406396224801,TRUE,0.531537667350514,0.170299334100649,0.531537667350514,0.298162998548837
"Q07439",3,0.862466499703706,0.427304224703055,-1.43286010027288,0.143089375866117,TRUE,0.532729028505313,0.254233414448936,0.21303755704575,0.532729028505313
"P27952",3,0.961905524020887,0.359291482633127,-1.39301458321931,0.0718175765653004,TRUE,0.53284839531391,0.244484818952731,0.222666785733359,0.53284839531391
"Q6RUV5",2,1.05643402751295,0.146727079773443,0.152945782719761,-1.35610689000615,TRUE,0.532946609090975,0.15023894710147,0.532946609090975,0.316814443807555
"P29418",1,-0.167530871978176,-0.227053025081898,-0.994876685687839,1.38946058274791,TRUE,0.533095734888986,0.533095734888986,0.164442122583294,0.30246214252772
"Q63270",3,0.333460994601858,1.22522462383142,-1.0733478752282,-0.485337743205076,TRUE,0.533668316463793,0.247511608741151,0.218820074795056,0.533668316463793
"Q9JLJ3",3,0.305336219894994,1.19850115939848,-1.16398745336258,-0.33984992593089,TRUE,0.5345544551159,0.257389794352994,0.208055750531105,0.5345544551159
"Q9QWN8",2,0.537310057288955,0.421651351975514,0.538778728784445,-1.49774013804891,TRUE,0.535237093361083,0.161154031164033,0.535237093361083,0.303608875474885
"P63245",2,0.800249147274074,-1.3767364425039,0.674267785064973,-0.0977804898351472,TRUE,0.536020155993192,0.192921087568341,0.536020155993192,0.271058756438467
"Q5I0K3",3,0.966957100596458,0.727402116859742,-1.07129291389388,-0.623066303562316,TRUE,0.537297609006964,0.207322462583013,0.255379928410023,0.537297609006964
"P05508",2,0.933293948421451,0.234674396408758,0.25022662416073,-1.41819496899094,TRUE,0.537816956475155,0.150905930862864,0.537816956475155,0.31127711266198
"Q68FS4",1,-0.189784260054557,-0.231110040310402,-0.977406813456026,1.39830111382098,TRUE,0.538942813343284,0.538942813343284,0.162994969359704,0.298062217297012
"Q78P75",2,0.983307677905425,0.191427891032889,0.22085852809513,-1.39559409703344,TRUE,0.539624926136512,0.149606831668682,0.539624926136512,0.310768242194806
"P41562",1,-0.768220641568104,1.07708462548251,-0.929682685326178,0.620818701411769,TRUE,0.539817449232276,0.539817449232276,0.144452632333479,0.315729918434245
"P62198",1,-1.48578407644085,0.458230935720076,0.348644260921328,0.678908879799445,TRUE,0.540288711214291,0.540288711214291,0.195426068667585,0.264285220118124
"P25886",3,0.747505797435708,0.612199345127119,-1.4355138734764,0.0758087309135692,TRUE,0.540438366057932,0.254676881613834,0.204884752328234,0.540438366057932
"P62853",1,-0.210996767304818,-0.260664706358473,-0.942367464273936,1.41402893793723,TRUE,0.542785525759274,0.542785525759274,0.163236022378812,0.293978451861914
"Q63704",1,-1.38721342397836,0.00626154270392772,0.443407468124519,0.937544413149911,TRUE,0.543505008212888,0.543505008212888,0.201565012969555,0.254929978817557
"Q5XIM9",2,1.29156669513146,-0.201371932514382,0.0452595050762073,-1.13545426769328,TRUE,0.543534332518523,0.14725121522317,0.543534332518523,0.309214452258307
"Q5U300",1,-0.222349946851389,-0.289018159268012,-0.91399118707545,1.42535929319485,TRUE,0.543644902478452,0.543644902478452,0.16429457972895,0.292060517792598
"O35878",1,-1.36655654286555,-0.0420760931990507,0.441039025202742,0.967593610861856,TRUE,0.543667373310197,0.543667373310197,0.201949056216259,0.254383570473544
"Q5XI73",3,0.703335293381523,0.69438526211049,-1.42216422396268,0.0244436684706651,TRUE,0.543691351367516,0.253195799675602,0.203112848956883,0.543691351367516
"P11517",2,0.45818689951494,-1.33958907498564,0.991668862577832,-0.110266687107128,TRUE,0.544303348302046,0.197881221495844,0.544303348302046,0.25781543020211
"P12007",2,1.08825267729644,-1.25325768989134,0.422677421594451,-0.257672408999547,TRUE,0.544478933753028,0.178170403626116,0.544478933753028,0.277350662620856
"Q9JM53",1,-0.825538455960121,-0.602350114046033,0.0297558191317942,1.39813275087436,TRUE,0.545391980408844,0.545391980408844,0.196213704318086,0.258394315273069
"Q4G069",2,1.31219701807565,-0.997970649526584,0.184079183086686,-0.498305551635749,TRUE,0.546232787422787,0.164901767254441,0.546232787422787,0.288865445322772
"P62282",3,0.902809750274333,0.742355741223915,-1.19712096881397,-0.448044522684274,TRUE,0.548366874297195,0.216264656384916,0.235368469317888,0.548366874297195
"P0CG51",1,-1.42281826509725,0.124287889190763,0.407345638794595,0.891184737111889,TRUE,0.551380949344261,0.551380949344261,0.19560417622464,0.253014874431099
"P10959",2,0.588138371564071,-1.34990669168875,0.901316524954791,-0.139548204830107,TRUE,0.551989876863519,0.190973031879819,0.551989876863519,0.257037091256662
"P97532",2,1.38156794344043,-0.688562095462086,0.0876765928495033,-0.780682440827852,TRUE,0.555575936743807,0.152078690494276,0.555575936743807,0.292345372761917
"P50753",1,-0.252765265787015,-0.235628931438395,-0.930818705778685,1.4192129030041,TRUE,0.555817988005202,0.555817988005202,0.158477439219202,0.285704572775595
"P18266",1,-1.46558429178467,0.639160053570951,0.187326529881207,0.639097708332513,TRUE,0.556173468633027,0.556173468633027,0.181734377341006,0.262092154025967
"Q5XIT9",1,-0.305147632512247,-0.3647066519782,-0.794125912121558,1.46398019661201,TRUE,0.55623942160249,0.55623942160249,0.164505185608785,0.279255392788725
"P08010",2,1.29791388180563,-0.994615312919407,0.222626632347056,-0.525925201233283,TRUE,0.557208081669806,0.161129773910101,0.557208081669806,0.281662144420093
"P50399",1,-0.9544226834536,1.09904990646176,-0.73212726989488,0.587500046886722,TRUE,0.559544402831562,0.559544402831562,0.145296586511374,0.295159010657065
"P62076",1,-0.516422992830342,0.797668375503833,-1.15489163312675,0.873646250453264,TRUE,0.560695863244722,0.560695863244722,0.133424134316098,0.30588000243918
"P07871",1,-1.13462557060349,1.08530023761622,-0.49183114495319,0.541156477940463,TRUE,0.562409691456887,0.562409691456887,0.152902700476031,0.284687608067082
"P26644",2,-0.18142369944573,-0.046129600413803,1.32601986997816,-1.09846657011863,TRUE,0.563187847791127,0.181609553892882,0.563187847791127,0.255202598315992
"P35704",2,0.608709082732501,-1.32824145137973,0.910395135919007,-0.190862767271781,TRUE,0.563671808310841,0.184652313348289,0.563671808310841,0.25167587834087
"Q9EQX9",1,-0.683348229493468,-0.56950281760202,-0.217340991812806,1.47019203890829,TRUE,0.564103791014527,0.564103791014527,0.18067542503687,0.255220783948603
"P50878",2,0.663423439439013,0.292640425534987,0.526259326160386,-1.48232319113439,TRUE,0.564561437505478,0.149642432881141,0.564561437505478,0.285796129613381
"P19804",2,0.983718307210816,0.117568727787527,0.289612193453449,-1.39089922845179,TRUE,0.564963301203251,0.143085629363429,0.564963301203251,0.29195106943332
"P29117",1,-0.273365045923739,0.226397644372468,-1.17503886678108,1.22200626833235,TRUE,0.5661802464617,0.5661802464617,0.139761093919026,0.294058659619274
"P80432",1,-0.465807686514058,0.706489302275282,-1.18216288451876,0.941481268757534,TRUE,0.566247225753901,0.566247225753901,0.13210896059928,0.301643813646819
"Q8VID1",1,-1.13989967801832,-0.333455602122196,0.234657623184426,1.23869765695609,TRUE,0.568228755487548,0.568228755487548,0.188110549917868,0.243660694594584
"P56741",1,-0.466576815510493,-0.481388901237946,-0.551017458925199,1.49898317567364,TRUE,0.56838166825886,0.56838166825886,0.168515830755426,0.263102500985715
"P62268",1,-1.17123237595056,-0.298629652425309,0.255980149804675,1.21388187857119,TRUE,0.568615462840756,0.568615462840756,0.188109846881797,0.243274690277447
"P14882",2,1.05246188612569,-1.23292864125681,0.512090473610902,-0.331623718479786,TRUE,0.568723054583874,0.168738852537222,0.568723054583874,0.262538092878905
"P24049",1,-1.44768380493906,0.67905263983675,0.112560012907536,0.65607115219477,TRUE,0.569147794500294,0.569147794500294,0.173637662797053,0.257214542702654
"Q63065",2,0.0618231831691719,0.207214335769613,1.07317522490248,-1.34221274384127,TRUE,0.569200730837628,0.167580538130285,0.569200730837628,0.263218731032087
"P23514",1,-0.874598615199346,-0.506593661460024,-0.0251531445578931,1.40634542121726,TRUE,0.572406935754677,0.572406935754677,0.181392192970868,0.246200871274455
"P62836",1,-0.78650523727053,-0.522089634730003,-0.137100585080301,1.44569545708083,TRUE,0.575739170958577,0.575739170958577,0.177181891686977,0.247078937354447
"P62898",1,-0.287887149406363,-0.0549052405836734,-1.02345799955041,1.36625038954044,TRUE,0.576368472477773,0.576368472477773,0.145573021923899,0.278058505598328
"P11250",1,-0.59107029448575,-0.506463269412623,-0.397763962868612,1.49529752676699,TRUE,0.577210649390735,0.577210649390735,0.169449976075757,0.253339374533508
"P62890",2,0.926403337077201,0.124373122992671,0.361810338159014,-1.41258679822889,TRUE,0.577320650712729,0.140676545949344,0.577320650712729,0.282002803337927
"Q5XIG4",1,-0.300333451638261,0.191172936765903,-1.14276988288864,1.251930397761,TRUE,0.578598939104367,0.578598939104367,0.137364508678406,0.284036552217227
"P17702",1,-1.25236968612297,-0.170035975090315,0.26902695839654,1.15337870281675,TRUE,0.579321794235951,0.579321794235951,0.182194125816955,0.238484079947094
"P62703",1,-1.42004877362002,0.741565259607286,0.020358936137696,0.658124577875038,TRUE,0.580321414554169,0.580321414554169,0.165737575615961,0.25394100982987
"Q5XHZ0",1,-0.296574095675679,0.0508057301762476,-1.07696196130695,1.32273032680638,TRUE,0.581052538741706,0.581052538741706,0.140744737159368,0.278202724098927
"P06399",2,-0.0612782451964428,-0.770507479275509,1.42995140475916,-0.598165680287207,TRUE,0.582152990493254,0.182815076199815,0.582152990493254,0.235031933306931
"P30009",2,1.30231981507758,-0.402459114903677,0.15715906681493,-1.05701976698883,TRUE,0.583531101807322,0.138521663348984,0.583531101807322,0.277947234843693
"Q66H98",2,1.2155479347593,-0.208529947284694,0.193597836611944,-1.20061582408655,TRUE,0.583956483800077,0.136778419191477,0.583956483800077,0.279265097008446
"P20059",2,-0.0267638237320822,-0.816942812229043,1.41582708410926,-0.572120448148132,TRUE,0.584660040530352,0.181606198600642,0.584660040530352,0.233733760869006
"P34064",2,-0.112467051915412,-0.612979266679844,1.44634472614474,-0.720898407549486,TRUE,0.584772534740916,0.180145191767504,0.584772534740916,0.23508227349158
"P14480",2,-0.0907631949489523,-0.66583164858452,1.44183218367045,-0.685237340136973,TRUE,0.585949448278316,0.179974801604875,0.585949448278316,0.234075750116809
"P46462",1,-0.818871342991928,0.992382909837861,-0.902100113130873,0.72858854628494,TRUE,0.585966383943294,0.585966383943294,0.13208114808796,0.281952467968746
"P11608",1,-1.44366298618524,0.605500295924797,0.10447983028852,0.733682859971923,TRUE,0.58753964738275,0.58753964738275,0.166456383299436,0.246003969317814
"P83732",1,-0.317472537614832,0.0885287910554093,-1.082433766583,1.31137751314242,TRUE,0.588366457955253,0.588366457955253,0.137567114524906,0.274066427519841
"P48679",2,1.31470890802267,-0.801484641816074,0.242117895262323,-0.755342161468919,TRUE,0.591022989833873,0.144064214038959,0.591022989833873,0.264912796127168
"Q9WVK7",1,-0.325989379400244,0.0233738739010767,-1.04188052125684,1.344496026756,TRUE,0.591268119773913,0.591268119773913,0.138757518783906,0.269974361442182
"P23562",2,0.546266988589785,-1.248003765712,1.02089142016628,-0.319154643044071,TRUE,0.593125305824351,0.171488641921807,0.593125305824351,0.235386052253843
"P16409",1,-0.975974365973671,-0.401368409620039,0.00389373191821932,1.37344904367549,TRUE,0.593507084563519,0.593507084563519,0.171643331518602,0.234849583917879
"P62271",2,0.0854748796023107,0.0812866374284336,1.13567252697943,-1.30243404401018,TRUE,0.593736416714104,0.159290579673957,0.593736416714104,0.246973003611939
"P06761",1,-1.42387868722725,0.673319488498184,0.0306487859785608,0.719910412750502,TRUE,0.594613746533212,0.594613746533212,0.160864808653224,0.244521444813564
"P38718",2,0.178123553838043,0.121633850559722,1.05605453708522,-1.35581194148298,TRUE,0.598952574502251,0.154088197558918,0.598952574502251,0.246959227938831
"Q99NA5",1,-0.580187168589801,0.74511314966662,-1.10583705557537,0.940911074498555,TRUE,0.600252228297277,0.600252228297277,0.123904227075606,0.275843544627117
"P13221",1,-1.1224818875927,-0.273927564884718,0.110829879254903,1.28557957322252,TRUE,0.600638193265627,0.600638193265627,0.169791393372445,0.229570413361928
"P04276",2,0.0148307821100795,-0.761473927006031,1.40801947847706,-0.661376333581112,TRUE,0.60269185025769,0.171396719741173,0.60269185025769,0.225911430001136
"Q07936",2,1.2162882689319,-0.286503049997499,0.244441082290886,-1.17422630122529,TRUE,0.603897016689733,0.131803427005163,0.603897016689733,0.264299556305103
"Q704S8",1,-1.1708652328928,0.986630708690962,-0.472977097770467,0.65721162197231,TRUE,0.6054391750088,0.6054391750088,0.139292390264272,0.255268434726928
"Q62736",2,-0.00444423298826263,-0.691728306745138,1.41559835314755,-0.719425813414146,TRUE,0.605544698252441,0.16941528522233,0.605544698252441,0.225040016525229
"P27139",2,0.39048467889667,-1.14392996813123,1.1689050862377,-0.415459797003141,TRUE,0.607561764657677,0.166897971154235,0.607561764657677,0.225540264188088
"B0BNE5",2,0.5619290649879,-1.20431251431397,1.03796883290679,-0.39558538358072,TRUE,0.611920494085688,0.162087972561992,0.611920494085688,0.22599153335232
"Q63798",2,0.480211732431078,0.15571451110359,0.809633567980214,-1.44555981151488,TRUE,0.613011713613546,0.140264777911206,0.613011713613546,0.246723508475248
"P13086",1,-0.491206664955999,-0.264756821418305,-0.718120314435605,1.47408380080991,TRUE,0.613741679862468,0.613741679862468,0.143536244423246,0.242722075714286
"P31000",2,0.0979410436793736,-0.833309874393075,1.37406867263867,-0.638699841924972,TRUE,0.61390697522285,0.165596695542141,0.61390697522285,0.220496329235009
"P29314",1,-1.4241520833368,0.432312680389291,0.113150914029928,0.878688488917583,TRUE,0.615136498995618,0.615136498995618,0.156787960281339,0.228075540723043
"P61980",2,1.28512705913331,-0.585331025514121,0.266940206762592,-0.966736240381781,TRUE,0.615613542453793,0.131879818635473,0.615613542453793,0.252506638910734
"P11915",1,-1.23484836506617,-0.106458011927366,0.139491815415058,1.20181456157848,TRUE,0.616204699985266,0.616204699985266,0.162002371214871,0.221792928799863
"Q99PS8",2,0.873425984156391,-1.20645703369901,0.769065786599691,-0.436034737057076,TRUE,0.61664719353176,0.152989887706541,0.61664719353176,0.230362918761699
"Q4QQT4",2,0.0402508693423748,-0.695572132878278,1.40000299693385,-0.74468173339795,TRUE,0.616711829452834,0.163454329177478,0.616711829452834,0.219833841369689
"P09006",2,0.0251629809272163,-0.635286016383908,1.40270750860621,-0.792584473149514,TRUE,0.618206054454055,0.162182747298672,0.618206054454055,0.219611198247273
"Q02253",1,-1.38332891742223,0.705245497454493,-0.084710182239651,0.76279360220739,TRUE,0.621029842221242,0.621029842221242,0.146896223009422,0.232073934769336
"P81155",1,-0.45437280199218,-0.149877749807794,-0.835530790810652,1.43978134261063,TRUE,0.621367540667511,0.621367540667511,0.136244483144552,0.242387976187937
"P20761",2,1.25414499282135,-0.472901286199923,0.279569852816653,-1.06081355943808,TRUE,0.621396013388359,0.128545790771435,0.621396013388359,0.250058195840206
"P04762",1,-1.17665763556217,0.950518518461888,-0.472772529641214,0.698911646741496,TRUE,0.621824215940809,0.621824215940809,0.133816846566553,0.244358937492638
"P10860",1,-1.24546504676826,0.905248286711624,-0.364432841381446,0.704649601438082,TRUE,0.623478720194262,0.623478720194262,0.136668637130286,0.239852642675452
"P02401",1,-1.32729837485102,0.0744205458635489,0.153211073339472,1.099666755648,TRUE,0.623617135905335,0.623617135905335,0.157424922601641,0.218957941493024
"P02651",2,0.908514198456601,-1.17523835602384,0.748929243932219,-0.48220508636498,TRUE,0.626320207929079,0.147685465671474,0.626320207929079,0.225994326399447
"P07340",2,1.08387060678733,-0.167734548356789,0.371822623296161,-1.2879586817267,TRUE,0.62665451188991,0.125493101821509,0.62665451188991,0.247852386288581
"P02680",2,0.0739924899379389,-0.682732467077885,1.38675608187179,-0.778016104731848,TRUE,0.626765147215649,0.15805787627073,0.626765147215649,0.215176976513621
"Q2TA68",1,-0.458730967076316,-0.113103111523554,-0.85716573969834,1.42899981829821,TRUE,0.627088384020692,0.627088384020692,0.133161462055147,0.239750153924161
"P18418",2,0.382490457142129,0.0804148684808296,0.939037368943889,-1.40194269456685,TRUE,0.628038037655239,0.138402098334999,0.628038037655239,0.233559864009762
"B0BNN3",2,0.390558126887882,-1.0686431425499,1.19798561979193,-0.519900604129914,TRUE,0.630552118066111,0.155524310342522,0.630552118066111,0.213923571591367
"P56571",1,-0.451176814948704,-0.0449160819376839,-0.907671498563243,1.40376439544963,TRUE,0.631510047199689,0.631510047199689,0.12944371121669,0.239046241583622
"Q62651",1,-1.15280996392757,0.938932406834555,-0.512158676524643,0.726036233617657,TRUE,0.632061099731696,0.632061099731696,0.129194972562717,0.238743927705587
"Q68FT1",2,1.0953420321444,-1.04839999668325,0.568129143791432,-0.61507117925258,TRUE,0.634705244259908,0.137972846198143,0.634705244259908,0.227321909541949
"P23764",2,1.14076870532357,-0.995727031920226,0.517672307678158,-0.662713981081502,TRUE,0.635824820944835,0.13560263154274,0.635824820944835,0.228572547512425
"P42930",1,-1.39057076074652,0.603721914117707,-0.0494453408659702,0.836294187494779,TRUE,0.636347328820331,0.636347328820331,0.142598277982502,0.221054393197167
"Q01177",2,1.24932283618298,-0.699201362739387,0.356996652904822,-0.907118126348413,TRUE,0.636798472178068,0.127491622281406,0.636798472178068,0.235709905540526
"Q9JJW3",1,-0.588897268266176,-0.252317692185216,-0.636680201721688,1.47789516217308,TRUE,0.637159692068218,0.637159692068218,0.136539567621015,0.226300740310767
"P62494",1,-0.875226642368928,-0.321562156996831,-0.242564692226915,1.43935349159267,TRUE,0.637714456933673,0.637714456933673,0.146204369068711,0.216081173997616
"P31399",1,-0.470208570391622,-0.0412241154858339,-0.894592914726523,1.40602560060398,TRUE,0.638278037880511,0.638278037880511,0.127341265698007,0.234380696421482
"P47853",2,0.0975859407159747,-0.607614700796025,1.37108263321649,-0.861053873136442,TRUE,0.639069399582223,0.151053427385564,0.639069399582223,0.209877173032213
"Q5BJQ0",2,1.08726159627616,-1.04336610793286,0.581494870801643,-0.625390359144938,TRUE,0.639090080235699,0.136378183413108,0.639090080235699,0.224531736351193
"Q01129",2,1.06209980219484,-1.06407929662946,0.609133357503201,-0.607153863068581,TRUE,0.639372567112384,0.137178818033905,0.639372567112384,0.223448614853711
"P18886",1,-1.03809119653527,0.941345795275714,-0.669803783620534,0.766549184880087,TRUE,0.639601555198352,0.639601555198352,0.122194586500302,0.238203858301345
"P58775",2,0.340197608778361,0.011671454259343,1.01196770464695,-1.36383676768466,TRUE,0.639852711360679,0.13600116980292,0.639852711360679,0.224146118836401
"P31232",2,0.0852877705736374,-0.475230474522176,1.35489685305067,-0.964954149102127,TRUE,0.641062464586168,0.148509371319743,0.641062464586168,0.210428164094089
"O35413",1,-0.781381830599306,0.835071675856656,-0.946262246603309,0.892572401345959,TRUE,0.641500359591108,0.641500359591108,0.114843391703089,0.243656248705804
"Q8K4G6",2,0.977227619618984,-1.10964231740671,0.700617815697088,-0.568203117909363,TRUE,0.642461061456457,0.138584851857998,0.642461061456457,0.218954086685544
"P13635",2,0.283953775325823,-0.922570200750295,1.28479229045635,-0.646175865031879,TRUE,0.643892931785638,0.149725852649583,0.643892931785638,0.206381215564779
"P04166",1,-1.38864635228415,0.381825318512846,0.0456843774702084,0.961136656301095,TRUE,0.644145507902633,0.644145507902633,0.143590110893506,0.212264381203861
"Q8VHF5",1,-0.630732436452763,0.667069504356059,-1.05656505713357,1.02022798923028,TRUE,0.644183595915806,0.644183595915806,0.112711043312785,0.243105360771409
"P01026",2,0.426633978530632,-1.04042852269756,1.18641988870454,-0.572625344537611,TRUE,0.645716749870435,0.147759281061877,0.645716749870435,0.206523969067688
"P47858",2,1.09377304025547,-1.01669877290107,0.580742254098493,-0.657816521452892,TRUE,0.645988326766762,0.133136904493746,0.645988326766762,0.220874768739492
"P48721",1,-0.962941416308281,0.915262859291596,-0.761622720814342,0.809301277831027,TRUE,0.647021423924651,0.647021423924651,0.117415358165139,0.235563217910209
"P62250",2,0.1862367106406,-0.175732438444619,1.20602380847882,-1.2165280806748,TRUE,0.647843041557592,0.139131779977235,0.647843041557592,0.213025178465173
"P11232",1,-1.10827386841977,0.914194174504143,-0.580139811657746,0.774219505573374,TRUE,0.650156958937322,0.650156958937322,0.121250163805065,0.228592877257614
"B0K020",1,-0.737154900693624,-0.282206753622316,-0.45401334358513,1.47337499790107,TRUE,0.650385472703968,0.650385472703968,0.135951248949472,0.21366327834656
"Q07969",1,-1.38245722875248,0.400738690947735,0.0184532631653863,0.963265274639362,TRUE,0.651070629063014,0.651070629063014,0.139973921169548,0.208955449767438
"Q63041",2,0.170731195865037,-0.691886992252908,1.34601365554104,-0.824857859153172,TRUE,0.651262591866781,0.145503880629187,0.651262591866781,0.203233527504032
"P01946",2,0.562191521135483,-1.09254439867149,1.08665387094115,-0.556300993405134,TRUE,0.652018349720987,0.143088466277612,0.652018349720987,0.204893184001402
"P35171",1,-1.38077398054179,0.4633691767383,-0.0198038330037166,0.937208636807204,TRUE,0.654926484978611,0.654926484978611,0.137025942921592,0.208047572099797
"P20759",2,0.162063304269774,-0.596716697311395,1.34053702466903,-0.905883631627405,TRUE,0.656685767873446,0.142014492972894,0.656685767873446,0.20129973915366
"Q9QX79",2,1.00288406721337,-1.05457723129276,0.689455774020256,-0.637762609940871,TRUE,0.657956062358359,0.131061383539136,0.657956062358359,0.210982554102505
"Q7TQ16",1,-0.499977124470033,0.12996983278078,-0.969266257518969,1.33927354920822,TRUE,0.659551814245279,0.659551814245279,0.116094243375706,0.224353942379015
"Q5XIM5",1,-0.908053298894656,-0.24967146778828,-0.27053153200154,1.42825629868448,TRUE,0.6609854155554,0.6609854155554,0.135384670628649,0.203629913815951
"P08649",2,0.339763624111834,-0.898697034072057,1.25944146034262,-0.700508050382392,TRUE,0.662230897811818,0.140366505829557,0.662230897811818,0.197402596358625
"P40307",2,0.946725307607577,-0.150731489062729,0.541201720027968,-1.33719553857282,TRUE,0.66306513671587,0.116145277702665,0.66306513671587,0.220789585581465
"P12075",1,-1.26793202105795,0.0743770286177042,0.0160324197879628,1.17752257265228,TRUE,0.664380437897071,0.664380437897071,0.13716366530153,0.198455896801399
"P62260",1,-1.13114051320034,0.878930425527785,-0.550724876570803,0.80293496424336,TRUE,0.664513466817932,0.664513466817932,0.117304980520414,0.218181552661653
"P15800",1,-0.784297472230128,0.778381404337792,-0.940170367838262,0.946086435730598,TRUE,0.665288858547352,0.665288858547352,0.107985168878519,0.226725972574129
"Q68FP1",2,0.534522985379896,-1.03781470847353,1.12071850802388,-0.617426784930247,TRUE,0.66559964510345,0.137113729342281,0.66559964510345,0.197286625554269
"P21396",1,-0.788588412440127,0.776538914982373,-0.936058855334124,0.948108352791878,TRUE,0.667481220592601,0.667481220592601,0.10740642269909,0.22511235670831
"Q64560",2,1.14214132967965,-0.858480449230577,0.535772966562172,-0.819433847011242,TRUE,0.669634180415896,0.120670475712188,0.669634180415896,0.209695343871916
"P11884",1,-0.934130101211601,-0.21801463435277,-0.265400099792983,1.41754483535735,TRUE,0.670093607981562,0.670093607981562,0.131512184713991,0.198394207304446
"Q6NYB7",2,0.224068341391805,-0.635255378800842,1.315031798246,-0.903844760836961,TRUE,0.670442410789152,0.135507692108251,0.670442410789152,0.194049897102597
"Q9WTT6",2,0.80890406594525,-1.08222417923816,0.890686944696315,-0.617366831403408,TRUE,0.671181370062054,0.130126365768915,0.671181370062054,0.19869226416903
"P60868",1,-1.35936752610052,0.493426954703629,-0.0836162185579383,0.949556789954831,TRUE,0.671867547745973,0.671867547745973,0.128595820827606,0.199536631426421
"Q9WUS0",2,1.15582439339274,-0.489244716590903,0.44212790261472,-1.10870757941655,TRUE,0.6719080633671,0.113778577278682,0.6719080633671,0.214313359354218
"P02466",2,1.12897992566093,-0.86866329718979,0.554292571526405,-0.814609199997548,TRUE,0.672873419448824,0.119901626585057,0.672873419448824,0.207224953966119
"Q4QQV3",1,-0.66920500946155,-0.165917039675088,-0.625492610864666,1.4606146600013,TRUE,0.673051079724829,0.673051079724829,0.122275393534138,0.204673526741033
"P06866",2,0.357087461355177,-0.865334063347174,1.25275441395408,-0.744507811962079,TRUE,0.673194457729765,0.134918178923272,0.673194457729765,0.191887363346963
"Q9Z1Y3",1,-0.846558817209897,0.806062699653354,-0.883295278716713,0.923791396273256,TRUE,0.673278053633739,0.673278053633739,0.106606108843998,0.220115837522263
"Q5XIN6",1,-0.998710018616846,0.8672376187346,-0.722246894865003,0.85371929474725,TRUE,0.673908254330138,0.673908254330138,0.109897613999068,0.216194131670794
"Q6AXV4",1,-1.19076943099747,0.830227067268889,-0.463077782910879,0.82362014663946,TRUE,0.674706642326421,0.674706642326421,0.116228380874917,0.209064976798662
"P47875",2,0.887628485937433,-1.05443716804006,0.820413622334687,-0.653604940232057,TRUE,0.676501790390239,0.126072020919125,0.676501790390239,0.197426188690637
"P38983",1,-1.15720818305547,0.839460259971627,-0.514065048207758,0.831812971291606,TRUE,0.678651362952394,0.678651362952394,0.113541716872575,0.207806920175031
"P14604",1,-1.34906799541284,0.418209969856853,-0.0692987838597552,1.00015680941574,TRUE,0.679563526552955,0.679563526552955,0.12642588553123,0.194010587915815
"Q63081",2,0.580223922754806,-0.0831099267384291,0.876803339177833,-1.37391733519421,TRUE,0.680201878674568,0.116976025886251,0.680201878674568,0.20282209543918
"P51886",2,0.344380836895407,-0.203032373733553,1.11890342464338,-1.26025188780523,TRUE,0.680895111306496,0.123112862368425,0.680895111306496,0.19599202632508
"P29457",2,0.483765543336224,-0.114659136138129,0.974046039380017,-1.34315244657811,TRUE,0.682388248668169,0.11856574515479,0.682388248668169,0.199046006177042
"P62243",2,0.302790675173723,-0.304602976459511,1.187399553815,-1.18558725252922,TRUE,0.685983254337738,0.123252338705641,0.685983254337738,0.19076440695662
"Q811A2",1,-1.24764052788887,0.102871307721149,-0.0511385745272793,1.195907794695,TRUE,0.686599389237499,0.686599389237499,0.12641397265975,0.186986638102751
"O35303",1,-1.3054140144265,0.238038045433344,-0.0449251895122416,1.1123011585054,TRUE,0.686810464075876,0.686810464075876,0.125400334612683,0.187789201311441
"Q05962",1,-0.708480998497477,-0.134760379718754,-0.609002011946463,1.45224339016269,TRUE,0.688492990295126,0.688492990295126,0.116500868286374,0.195006141418501
"P63018",1,-1.33518853352291,0.512504082016222,-0.143728171804577,0.966412623311266,TRUE,0.689426563464364,0.689426563464364,0.120263503886186,0.190309932649449
"O35115",2,0.441607480316347,-0.175471856152593,1.03714122390325,-1.30327684806701,TRUE,0.690778609334415,0.117027445535507,0.690778609334415,0.192193945130078
"O08557",2,0.370248667582816,-0.24542399633617,1.1197239481654,-1.24454861941204,TRUE,0.691816753307659,0.118902515287189,0.691816753307659,0.189280731405151
"Q66HD0",2,0.673597714134831,-0.129521144222161,0.819172220800402,-1.36324879071307,TRUE,0.693171141884467,0.110976076164616,0.693171141884467,0.195852781950917
"P29419",1,-0.606514491268633,0.400529539212232,-1.00391794488732,1.20990289694372,TRUE,0.693634902973183,0.693634902973183,0.10097713183138,0.205387965195437
"Q5XIF6",1,-0.59300662846968,0.0749073486863052,-0.860887544919984,1.37898682470336,TRUE,0.693638509023836,0.693638509023836,0.107353846523998,0.199007644452166
"O88761",1,-1.18781959870219,0.785649276296788,-0.466361215475405,0.868531537880808,TRUE,0.695215856522791,0.695215856522791,0.109143012653986,0.195641130823224
"Q8VIF7",2,0.680844497284992,-0.138035453509965,0.817190020421299,-1.35999906419633,TRUE,0.695383320537182,0.110143351066215,0.695383320537182,0.194473328396603
"P20280",2,1.10868184216276,-0.514436491178559,0.518234884361035,-1.11248023534523,TRUE,0.695441477359408,0.106895710993267,0.695441477359408,0.197662811647325
"P41123",1,-1.2974212707702,0.254523149680236,-0.073571009260818,1.11646913035078,TRUE,0.696307393268986,0.696307393268986,0.120877154239443,0.18281545249157
"P04636",1,-0.587545692388514,0.16668498401202,-0.916167246451181,1.33702795482767,TRUE,0.697344302625144,0.697344302625144,0.10398176526604,0.198673932108816
"P42123",1,-0.685045635814527,-0.0774279367606676,-0.675653562098333,1.43812713467353,TRUE,0.697696754535036,0.697696754535036,0.111180691111747,0.191122554353217
"Q6P6R2",1,-0.597410135732198,0.321110766983129,-0.980290822417484,1.25659019116655,TRUE,0.698153993138337,0.698153993138337,0.100795299339382,0.201050707522281
"P01836",2,0.53098960676532,-0.920346061893419,1.14209944837598,-0.752742993247878,TRUE,0.69819892179804,0.122051423859079,0.69819892179804,0.179749654342881
"P80254",1,-1.20149526553049,0.0621757201132562,-0.102470718137978,1.24179026355521,TRUE,0.698677917275057,0.698677917275057,0.1208237861583,0.180498296566643
"B2GV54",1,-1.23803880474347,0.123656648578671,-0.0874193299247909,1.20180148608959,TRUE,0.699276712385932,0.699276712385932,0.120398353803406,0.180324933810661
"P12346",2,0.492406583688901,-0.881852948783289,1.17043750995543,-0.780991144861046,TRUE,0.700016050911261,0.121491562715549,0.700016050911261,0.178492386373189
"B4F7A1",1,-0.773188375230204,0.67730065186968,-0.936649032779207,1.03253675613973,TRUE,0.700062988570596,0.700062988570596,0.0977936096414385,0.202143401787965
"P63039",1,-0.628353206257789,0.0262462865979627,-0.799677435819485,1.40178435547931,TRUE,0.700663338496944,0.700663338496944,0.106615028860061,0.192721632642995
"P24268",1,-1.27997407702023,0.656657100901126,-0.295056349254152,0.91837332537326,TRUE,0.701548976064543,0.701548976064543,0.111427463178362,0.187023560757096
"P62963",1,-1.28391328785573,0.239481903951613,-0.0896652724132517,1.13409665631737,TRUE,0.702415829923764,0.702415829923764,0.118225817336324,0.179358352739912
"P04937",2,0.753607266463898,-0.986941201935232,0.962480419134432,-0.729146483663098,TRUE,0.704334372300494,0.11653070102526,0.704334372300494,0.179134926674247
"P32551",1,-0.826939415852127,0.7161688214401,-0.892543592377494,1.00331418678952,TRUE,0.70500572115671,0.70500572115671,0.0968430729292998,0.19815120591399
"Q5XIC0",1,-0.925292031940247,0.768427646825985,-0.79936345267094,0.956227837785201,TRUE,0.710127603790593,0.710127603790593,0.0967889639728476,0.193083432236559
"P56574",1,-0.69779180033383,-0.0361393573241674,-0.691914272275097,1.42584542993309,TRUE,0.710318712966908,0.710318712966908,0.105837658854617,0.183843628178475
"Q6UPE1",1,-0.801987920857487,0.676482923806955,-0.909695566014417,1.03520056306495,TRUE,0.711576064066883,0.711576064066883,0.0946511695195379,0.193772766413579
"P11762",2,0.488807019107611,-0.25298621879045,1.03735146328237,-1.27317226359953,TRUE,0.711704222614049,0.109137415043233,0.711704222614049,0.179158362342718
"P26772",1,-0.62356012123183,0.1530894551725,-0.877658433264579,1.34812909932391,TRUE,0.712087751116829,0.712087751116829,0.099821798021918,0.188090450861253
"P04906",1,-1.21582740418125,0.125221122690545,-0.129742177385399,1.22034845887611,TRUE,0.712801297868179,0.712801297868179,0.114152493280092,0.173046208851729
"P36201",1,-0.68038849577225,0.0094772643020312,-0.739700358071874,1.41061158954209,TRUE,0.714853596358037,0.714853596358037,0.102858915815515,0.182287487826448
"D3ZAF6",1,-0.795794121431482,0.657100799760661,-0.911803770166623,1.05049709183744,TRUE,0.716433320331401,0.716433320331401,0.0931788916725241,0.190387787996075
"P12847",1,-0.685126579506199,0.0107111177813645,-0.735887962564606,1.41030342428944,TRUE,0.716538544395461,0.716538544395461,0.102311446865851,0.181150008738688
"P14046",2,0.793894451710395,-0.944825897768602,0.931516385006709,-0.780584938948503,TRUE,0.718076435730867,0.109864697351833,0.718076435730867,0.1720588669173
"Q9Z1N4",1,-1.23313661054892,0.677449504808424,-0.380199830355978,0.93588693609647,TRUE,0.719653536494536,0.719653536494536,0.1028355404869,0.177510923018565
"Q2PQA9",1,-0.895317258570602,0.731349948043854,-0.82633666833981,0.990303978866558,TRUE,0.719664312780328,0.719664312780328,0.0933296844884448,0.187006002731227
"P70623",2,0.405179407448735,-0.558298613544979,1.19736501886647,-1.04424581277022,TRUE,0.72099891751364,0.110555699232999,0.72099891751364,0.168445383253361
"P07872",1,-1.1985775963355,0.122683699025297,-0.158324053333857,1.23421795064406,TRUE,0.721557894562337,0.721557894562337,0.110157030266023,0.16828507517164
"Q9Z1H9",2,1.05993604832349,-0.653284728971853,0.623436696927137,-1.03008801627877,TRUE,0.722269145145213,0.100100220366143,0.722269145145213,0.177630634488644
"P11240",1,-1.02659124692239,-0.0449593768298388,-0.291865521017455,1.36341614476968,TRUE,0.722938887085378,0.722938887085378,0.108482207403274,0.168578905511348
"P10888",1,-0.675692051961226,0.0706804130712309,-0.782718809037126,1.38773044792712,TRUE,0.723794637630391,0.723794637630391,0.0982928149603663,0.177912547409243
"P13697",1,-1.06056424115228,0.768376592709003,-0.641977901960249,0.934165550403522,TRUE,0.723940739405145,0.723940739405145,0.0954279110916098,0.180631349503246
"Q9Z0W7",1,-0.67845705558116,0.081058873824372,-0.78635463795795,1.38375281971474,TRUE,0.726322943735591,0.726322943735591,0.0972347026378765,0.176442353626532
"Q2PS20",1,-1.24349592392201,0.228326048394248,-0.158110249511984,1.17328012503974,TRUE,0.726696821258219,0.726696821258219,0.107380964216467,0.165922214525314
"Q63797",2,0.515706069951749,-0.319354385828572,1.0447990119352,-1.24115069605838,TRUE,0.726737487077275,0.103715614205281,0.726737487077275,0.169546898717443
"P27321",2,0.454757736352876,-0.412211456008723,1.12379716853757,-1.16634344888172,TRUE,0.727571117908619,0.105468194070815,0.727571117908619,0.166960688020566
"P48037",2,0.692119996706304,-0.265489505468854,0.872842764207288,-1.29947325544474,TRUE,0.728886160175939,0.0992906068968235,0.728886160175939,0.171823232927237
"P62919",1,-1.23244219332935,0.212335398496676,-0.166589411684196,1.18669620651687,TRUE,0.729452478623341,0.729452478623341,0.106252726445166,0.164294794931494
"P18163",1,-0.958611485553349,0.739908154897204,-0.759464877062141,0.978168207718286,TRUE,0.729863277068598,0.729863277068598,0.0912321890215425,0.17890453390986
"Q03344",1,-0.659696754311584,0.19869768463916,-0.869286660601423,1.33028573027385,TRUE,0.729996480522121,0.729996480522121,0.0933765849177435,0.176626934560136
"Q63862",2,0.517652161163523,-0.748898584457472,1.15110611737193,-0.919859694077984,TRUE,0.730904019300202,0.106935258631318,0.730904019300202,0.16216072206848
"Q5XFX0",2,0.559313372540016,-0.316198543774425,1.00929063514242,-1.25240546390801,TRUE,0.731826080262503,0.101015214744952,0.731826080262503,0.167158704992545
"Q9Z0J5",1,-0.738642553359736,0.019681706008068,-0.68827132621593,1.4072321735676,TRUE,0.733845056857545,0.733845056857545,0.0968262732031064,0.169328669939348
"P23928",1,-0.667348943380565,0.211324108857495,-0.868803014781052,1.32482784930412,TRUE,0.733866865957805,0.733866865957805,0.0919405511841391,0.174192582858056
"P08503",1,-0.87626686802145,0.68111105824002,-0.83762293110798,1.03277874088941,TRUE,0.735788965725743,0.735788965725743,0.0881237089342505,0.176087325340007
"P35738",2,1.01053313280792,-0.707693603981271,0.694788442906673,-0.99762797173332,TRUE,0.736019804764009,0.0965888382379295,0.736019804764009,0.167391356998062
"P10536",1,-1.24610295450899,0.280305504887791,-0.188768564048309,1.15456601366951,TRUE,0.737063889956017,0.737063889956017,0.102419066303036,0.160517043740948
"Q3KR86",1,-1.01463515897453,0.735023183280667,-0.694209895016512,0.973821870710374,TRUE,0.73895188690996,0.73895188690996,0.0894648981688025,0.171583214921237
"P02454",2,0.905031785827905,-0.829835769027947,0.825380219196657,-0.900576235996614,TRUE,0.74087047277483,0.0978859904740729,0.74087047277483,0.161243536751097
"P41565",1,-1.26476488982974,0.42863404896448,-0.24037411133899,1.07650495220425,TRUE,0.741783165244213,0.741783165244213,0.0987406205771263,0.159476214178661
"O35077",1,-0.817883244179259,-0.0123322096863022,-0.581457891974591,1.41167334584015,TRUE,0.742084786186612,0.742084786186612,0.0958932010680103,0.162022012745378
"Q5U216",2,0.98097889447398,-0.536584435478646,0.686377020249097,-1.13077147924443,TRUE,0.742277395009842,0.0927697610554866,0.742277395009842,0.164952843934671
"P02650",2,0.859635355917474,-0.838417441438135,0.871960628912477,-0.893178543391817,TRUE,0.74392657236865,0.097517144907701,0.74392657236865,0.158556282723649
"P85125",2,0.952077877626545,-0.490741849132921,0.703758196550649,-1.16509422504427,TRUE,0.744521286245727,0.0918961789967733,0.744521286245727,0.1635825347575
"P05065",1,-1.07735498552758,0.722543094591348,-0.614519547442156,0.969331438378388,TRUE,0.744538152878091,0.744538152878091,0.089126785930466,0.166335061191443
"Q9EQP5",2,0.565080295586731,-0.720110165324766,1.11436315883433,-0.959333289096297,TRUE,0.744615701664197,0.100418263936824,0.744615701664197,0.154966034398979
"O35264",2,0.569482358705203,-0.707524707040695,1.10959091884696,-0.971548570511472,TRUE,0.747068974372626,0.0992467803791044,0.747068974372626,0.15368424524827
"P21913",2,0.916646946907413,-0.459720418639509,0.731751447608624,-1.18867797587653,TRUE,0.74802965815775,0.0908423053404964,0.74802965815775,0.161128036501754
"O70351",1,-1.13823671948862,0.692000516614328,-0.527211519807892,0.973447722682187,TRUE,0.748202248283058,0.748202248283058,0.0896314554256345,0.162166296291307
"P86252",2,0.909273827400644,-0.457347136781224,0.738903442499646,-1.19083013311907,TRUE,0.74916558332353,0.0905213752580802,0.74916558332353,0.16031304141839
"P45592",1,-1.13786951801662,0.115717552643501,-0.253602082848466,1.27575404822158,TRUE,0.749193937870685,0.749193937870685,0.0976809834917664,0.153125078637548
"P15429",2,0.891149985439135,-0.786802945464505,0.83702518561354,-0.941372225588171,TRUE,0.75110259321564,0.0937325569815699,0.75110259321564,0.15516484980279
"Q9R063",1,-0.793046701978257,0.0413002784052446,-0.645598734183537,1.39734515775655,TRUE,0.75270990545723,0.75270990545723,0.09048985388643,0.15680024065634
"Q03626",2,0.955069258540878,-0.598864822802357,0.734521153346977,-1.0907255890855,TRUE,0.753136401294876,0.0899387441203652,0.753136401294876,0.156924854584759
"P49242",1,-1.24643486859391,0.402571478858155,-0.25934784118729,1.10321123092304,TRUE,0.753147391484952,0.753147391484952,0.0942268898104619,0.152625718704586
"P15999",1,-0.724107601596488,0.156337599403011,-0.78617232181351,1.35394232400699,TRUE,0.75355207337924,0.75355207337924,0.0869760872176286,0.159471839403131
"O55171",1,-0.903023485685869,0.655863268295714,-0.804818477869452,1.05197869525961,TRUE,0.754448100668374,0.754448100668374,0.0826851672825134,0.162866732049112
"P04764",1,-0.745678613374819,0.113171010050326,-0.739947598144616,1.37245520146911,TRUE,0.755050166747886,0.755050166747886,0.0875457957438992,0.157404037508214
"P62907",1,-1.13878165567612,0.674041911984698,-0.522895752587309,0.987635496278727,TRUE,0.755316253218524,0.755316253218524,0.0872841857140827,0.157399561067394
"D3Z9R8",1,-1.00486648641307,0.695434177564073,-0.699315599165439,1.00874790801444,TRUE,0.756652847682516,0.756652847682516,0.0835689012447949,0.159778251072689
"P85834",1,-0.919394786963388,0.0124533169438206,-0.480147689610525,1.38708915963009,TRUE,0.758209849328197,0.758209849328197,0.0913042574968366,0.150485893174966
"P61016",1,-0.870213552556973,0.0187279315425049,-0.543758029133742,1.39524365014821,TRUE,0.758341044556539,0.758341044556539,0.0902088834546635,0.151450071988798
"P24090",2,0.921002879400943,-0.661826300703325,0.786968690429269,-1.04614526912689,TRUE,0.760215523886702,0.0885257395639552,0.760215523886702,0.151258736549343
"P53534",2,0.905235622782682,-0.552303696579053,0.775697001343731,-1.12862892754736,TRUE,0.761318913994558,0.0871899344320871,0.761318913994558,0.151491151573355
"P02767",2,0.83127697537868,-0.468770525776114,0.824611408578162,-1.18711785818073,TRUE,0.762930315555089,0.0868141284076758,0.762930315555089,0.150255556037236
"P34058",1,-0.880469794756418,0.616264641983705,-0.819235599602198,1.08344075237491,TRUE,0.763356799644963,0.763356799644963,0.0797036210013033,0.156939579353733
"P13437",1,-0.957407010055961,0.663914884832136,-0.747546962355251,1.04103908757908,TRUE,0.764187122367456,0.764187122367456,0.0803515768274424,0.155461300805102
"P12001",1,-0.741304427532002,0.367374120806414,-0.872655548572389,1.24658585529798,TRUE,0.764293702190098,0.764293702190098,0.0802195842266745,0.155486713583228
"P16303",2,0.883516348871785,-0.542782776318995,0.795742947469058,-1.13647652002185,TRUE,0.764331157375383,0.0863035731479026,0.764331157375383,0.149365269476714
"Q64591",1,-0.759303594569315,0.42239534080674,-0.877558932695935,1.21446718645851,TRUE,0.765693968576899,0.765693968576899,0.0792655658826643,0.155040465540437
"P05545",2,0.634244682656936,-0.563964427654486,1.03191379563016,-1.10219405063261,TRUE,0.766330471215228,0.0893308387141367,0.766330471215228,0.144338690070635
"P19511",1,-0.770556842626532,0.147975799600781,-0.735261373389242,1.35784241641499,TRUE,0.769480548933002,0.769480548933002,0.0822119391049217,0.148307511962076
"P67779",1,-1.0883086799354,0.661645853112395,-0.588787155859945,1.01544998268295,TRUE,0.770202732316688,0.770202732316688,0.0809624774375174,0.148834790245795
"P05544",2,0.854783773442685,-0.63963521802757,0.850827266027975,-1.06597582144309,TRUE,0.770695706164017,0.0853441137002809,0.770695706164017,0.143960180135702
"P57093",1,-0.882642589584684,0.056353645865472,-0.555460095647849,1.38174903936706,TRUE,0.77191598033796,0.77191598033796,0.0847053847447629,0.143378634917277
"P10719",1,-0.786139691023282,0.449812982768322,-0.862150879344056,1.19847758759902,TRUE,0.773626330369248,0.773626330369248,0.0766479088056164,0.149725760825135
"P35434",1,-1.04708951247394,0.124468688111093,-0.393820135095721,1.31644095945856,TRUE,0.784696348797263,0.784696348797263,0.0818111362621244,0.133492514940613
"P04904",1,-0.93347486681692,0.600765691983322,-0.758944704393074,1.09165387922667,TRUE,0.785249597380284,0.785249597380284,0.0733778189717586,0.141372583647957
"Q06647",1,-0.780303928520852,0.282452321514352,-0.796879712332893,1.29473131933939,TRUE,0.786352300488231,0.786352300488231,0.0744128376671811,0.139234861844588
"Q6P0K8",1,-1.09670520689619,0.616617043561968,-0.566733083499606,1.04682124683382,TRUE,0.786788988156397,0.786788988156397,0.0757023546298071,0.137508657213796
"P14668",1,-1.19001824400734,0.38551037015185,-0.343273350932101,1.14778122478759,TRUE,0.787194126754364,0.787194126754364,0.0801004635375956,0.13270540970804
"P97852",1,-1.07780380960765,0.619952385548442,-0.592409793227392,1.0502612172866,TRUE,0.788413181067678,0.788413181067678,0.0747211475859211,0.136865671346401
"P15650",1,-0.795880206848633,0.231616172526001,-0.755589451913106,1.31985348623574,TRUE,0.789892591302452,0.789892591302452,0.0741039236309375,0.136003485066611
"Q68FY0",1,-1.07770605707768,0.168151034020481,-0.38087484271676,1.29042986577396,TRUE,0.791386761345501,0.791386761345501,0.0791921836132075,0.129421055041291
"A1A5Q0",1,-1.15039305531266,0.294449607372259,-0.354196945170504,1.2101403931109,TRUE,0.796393658746524,0.796393658746524,0.0769623302483503,0.126644011005126
"Q920F5",1,-1.17357998389218,0.448620496352072,-0.398659712037238,1.12361919957735,TRUE,0.796844950844963,0.796844950844963,0.0753770936950001,0.127777955460037
"O89049",1,-0.817860182392178,0.385232243289297,-0.805722569409257,1.23835050851214,TRUE,0.798608980348737,0.798608980348737,0.0693963305607028,0.13199468909056
"P00507",1,-0.988825868867648,0.135902190809088,-0.479080704227237,1.3320043822858,TRUE,0.799496296789372,0.799496296789372,0.0749969561020354,0.125506747108593
"Q60587",1,-1.02967075227574,0.589227304659668,-0.644530873782009,1.08497432139808,TRUE,0.803161785277019,0.803161785277019,0.0689424385346928,0.127895776188289
"Q01205",1,-1.1418561185172,0.30732882492016,-0.374410432636578,1.20893772623362,TRUE,0.803183228362812,0.803183228362812,0.0740620831989827,0.122754688438205
"Q9ER34",1,-0.826115827202921,0.273788106989528,-0.746098277815338,1.29842599802873,TRUE,0.804946196622586,0.804946196622586,0.0686743995441779,0.126379403833236
"P35565",1,-0.924063565928439,0.538126552980134,-0.750973401198032,1.13691041414634,TRUE,0.805480522341116,0.805480522341116,0.0669236193660812,0.127595858292803
"P20788",1,-0.867043308597393,0.463158767971533,-0.786024959808923,1.18990950043478,TRUE,0.806610589385643,0.806610589385643,0.0664662330926577,0.126923177521699
"P11442",1,-1.14678650384945,0.383625692534224,-0.407882966087002,1.17104377740222,TRUE,0.810247813248499,0.810247813248499,0.0705984024162768,0.119153784335225
"P14408",1,-1.05472822852825,0.209921395148996,-0.439754364387074,1.28456119776633,TRUE,0.812019100979673,0.812019100979673,0.0704090522085677,0.117571846811759
"Q5PPN7",1,-1.1399977600744,0.44750348420923,-0.447595282700421,1.14008955856559,TRUE,0.813103140570438,0.813103140570438,0.0687226376389748,0.118174221790587
"P07483",1,-0.941244361708913,0.175625021524125,-0.563268660790767,1.32888800097556,TRUE,0.813791648257652,0.813791648257652,0.0683987650379952,0.117809586704353
"Q68FR6",1,-1.06320516670404,0.540783469003295,-0.587519319705086,1.10994101740583,TRUE,0.817798507389081,0.817798507389081,0.0647862840034661,0.117415208607453
"Q641Z6",1,-1.05037119200368,0.23689913728425,-0.462093865616469,1.2755659203359,TRUE,0.821084081101983,0.821084081101983,0.0666142436966101,0.112301675201407
"P11030",1,-0.87803698546107,0.271649583450281,-0.689631740679857,1.29601914269065,TRUE,0.82254322023413,0.82254322023413,0.0631775361358919,0.114279243629979
"P61983",1,-1.03858003819239,0.5232515943483,-0.612616643880163,1.12794508772425,TRUE,0.825182807262584,0.825182807262584,0.061934420306044,0.112882772431373
"P48500",1,-0.927532600372658,0.467907896730675,-0.722846569651962,1.18247127329394,TRUE,0.82632296123754,0.82632296123754,0.0604482372605782,0.113228801501882
"Q64428",1,-0.995014709681899,0.512494273654496,-0.66175760058014,1.14427803660754,TRUE,0.827449873686874,0.827449873686874,0.0605851707356148,0.111964955577511
"P23965",1,-1.08508509529279,0.448995249361606,-0.52418083536045,1.16027068129164,TRUE,0.832747315562707,0.832747315562707,0.0606128116204425,0.106639872816851
"Q5XIH7",1,-1.04514420128843,0.489647485054176,-0.592202973285894,1.14769968952015,TRUE,0.833298914642539,0.833298914642539,0.0594474872367368,0.107253598120724
"Q62920",1,-1.08890601213291,0.414426871184063,-0.50391232109862,1.17839146204747,TRUE,0.834142733121222,0.834142733121222,0.0604892657834997,0.105368001095278
"P35435",1,-1.06792226947819,0.326731224779647,-0.489086584808912,1.23027762950746,TRUE,0.835594171108145,0.835594171108145,0.0605108536446713,0.103894975247183
"P13803",1,-0.975020115662053,0.452729931055493,-0.662970123758188,1.18526030836475,TRUE,0.839566535550421,0.839566535550421,0.0565824970803903,0.103850967369188
"P48675",1,-0.939820758372308,0.338242965719301,-0.65351208291623,1.25508987556924,TRUE,0.842609549057188,0.842609549057188,0.0561195700877233,0.101270880855089
"Q68FU3",1,-0.980730200900234,0.385564309938494,-0.627727061236256,1.222892952198,TRUE,0.847997633254348,0.847997633254348,0.0542648976243865,0.0977374691212653
